movie_id,genre
15,Comedy
15,Short
184,Comedy
184,Crime
184,Romance
369,Comedy
369,Crime
431,Drama
431,Mystery
641,Short
641,Thriller
644,Comedy
644,Romance
672,Comedy
837,Short
909,Documentary
973,Drama
993,Comedy
993,Short
1024,Short
1092,Action
1092,Adventure
1092,Fantasy
1114,Short
1123,Comedy
1123,Drama
1123,Romance
1132,Drama
1144,Comedy
1144,Short
1191,Drama
1200,Documentary
1200,Short
1208,Thriller
1305,Crime
1305,Drama
1470,Drama
1473,Comedy
1473,Romance
1543,Comedy
1543,Drama
1550,Comedy
1578,Comedy
1578,Drama
1578,Romance
1617,Comedy
1617,Documentary
1617,Romance
1664,Comedy
1664,Drama
1710,Action
1710,Fantasy
1710,Horror
1710,Sci-Fi
1826,Drama
1826,Thriller
1870,Comedy
1883,Comedy
1898,Comedy
1898,Short
2031,Drama
2127,Animation
2127,Comedy
2127,Short
2136,Action
2136,Comedy
2136,Family
2201,Comedy
2201,Romance
2234,Comedy
2254,Horror
2254,Mystery
2409,Short
2456,Comedy
2456,Documentary
2458,Drama
2458,Short
2632,Horror
2632,Thriller
2781,Drama
2849,Short
2944,Comedy
2954,Comedy
2954,Short
3112,Comedy
3113,Comedy
3161,Drama
3161,Short
3163,Mystery
3163,Thriller
3249,Action
3249,Crime
3249,Mystery
3318,Documentary
3430,Drama
3462,Drama
3993,Drama
4003,Drama
4003,Musical
4003,Romance
4363,Crime
4363,Drama
4402,Action
4402,Drama
4402,Musical
4402,Romance
4464,Action
4464,Drama
4614,Comedy
4680,Drama
4753,Adventure
4753,Family
4763,Thriller
4919,Drama
5052,Drama
5060,Comedy
5060,Short
5195,Action
5195,Comedy
5195,Drama
5195,Romance
5218,Comedy
5218,Drama
5266,Drama
5266,Mystery
5266,Short
5266,Thriller
5272,Drama
5297,Drama
5504,Action
5504,Thriller
5717,Drama
5730,Comedy
5730,Mystery
5730,Short
5884,Action
5972,Action
5972,Adventure
5972,Crime
5972,War
6266,Horror
6325,Drama
6415,Comedy
6415,Drama
6557,Short
6635,Comedy
6665,Short
6989,Comedy
6989,Family
7093,Comedy
7103,Comedy
7103,Drama
7196,Comedy
7196,Drama
7196,Romance
7220,Documentary
7589,Documentary
7599,Comedy
7608,Drama
7608,Thriller
7651,Documentary
7651,Short
7806,Crime
7806,Drama
7806,Mystery
7806,Thriller
7846,Drama
7895,Documentary
8198,Action
8198,Adventure
8198,Drama
8198,Sci-Fi
8198,Thriller
8218,Horror
8362,Comedy
8362,Drama
8564,Comedy
8786,Drama
8942,Drama
8942,Romance
8942,War
9005,Comedy
9005,Drama
9005,Family
9089,Action
9092,Action
9092,Adventure
9093,Action
9093,Adventure
9094,Action
9094,Adventure
9139,Action
9139,Adventure
9143,Short
9364,Adventure
9364,Comedy
9514,Drama
9647,Animation
9647,Comedy
9647,Short
10056,Drama
10064,Adventure
10064,Family
10241,Drama
10241,Romance
10558,Short
10662,Comedy
10662,Short
10672,Animation
10704,Drama
10784,Adventure
10784,Animation
10784,Fantasy
10784,Short
10838,Adventure
10838,Animation
10838,Sci-Fi
10838,Short
10933,Action
10933,Sci-Fi
10933,Western
11069,Drama
11147,Drama
11147,Short
11201,Animation
11201,Family
11201,Musical
11354,Comedy
11384,Drama
11451,Comedy
11451,Drama
11519,Drama
11519,Thriller
11533,Drama
11549,Comedy
11753,Drama
11753,Short
11837,Short
11865,Comedy
11906,Comedy
11906,Drama
11906,Romance
11988,Drama
12006,Short
12006,Thriller
12017,Short
12096,Comedy
12096,Romance
12227,Adventure
12227,Comedy
12329,Short
12459,Action
12459,Drama
12459,Short
12459,Thriller
12622,Comedy
12622,Drama
12622,Short
12828,Comedy
13063,Drama
13078,Drama
13078,Romance
13100,Crime
13100,Drama
13100,Thriller
13190,Documentary
13190,Short
13307,Drama
13343,Adventure
13343,Short
13430,Action
13430,Sci-Fi
13595,Action
13601,Drama
13644,Documentary
13789,Drama
13848,Documentary
13859,Comedy
13861,Action
13978,Crime
13978,Drama
13978,Thriller
13988,Documentary
14005,Comedy
14096,Documentary
14131,Comedy
14131,Romance
14133,Documentary
14362,Drama
14386,Comedy
14423,Drama
14423,Short
14596,Comedy
14596,Romance
14755,Drama
14834,Comedy
14919,Comedy
14919,Romance
14922,Drama
15047,Short
15047,Thriller
15151,Sci-Fi
15151,Short
15151,Thriller
15218,Comedy
15218,Drama
15869,Action
15869,Comedy
15869,Drama
15869,Romance
16253,Action
16253,Comedy
16253,Short
16422,Fantasy
16433,Documentary
16662,Drama
16724,Adventure
16724,Comedy
16724,Drama
16724,Family
16767,Action
16767,Comedy
16803,Drama
16841,Comedy
17042,Short
17149,Animation
17149,Short
17214,Action
17214,Thriller
17504,Drama
17504,Romance
17665,Musical
17665,Romance
17684,Animation
17782,Romance
17818,Comedy
17953,Crime
17953,Drama
18000,Drama
18154,Action
18154,Sci-Fi
18154,Short
18166,Drama
18186,Action
18186,Drama
18211,Short
18218,Horror
18218,Thriller
18441,Adventure
18441,Animation
18441,Comedy
18441,Fantasy
18544,Action
18544,Drama
18635,Drama
18945,Drama
19109,Mystery
19109,Thriller
19187,Action
19187,Drama
19307,Comedy
19309,Drama
19362,Drama
19362,Thriller
19748,Drama
19816,Drama
19910,Thriller
19922,Drama
20061,Drama
20061,War
20091,Comedy
20091,Drama
20091,Music
20108,Documentary
20112,Short
20226,Thriller
20299,Action
20299,Romance
20336,Action
20336,Drama
20336,Thriller
20371,Action
20371,Sci-Fi
20371,Thriller
20373,Action
20497,Action
20684,Comedy
20684,Romance
20689,Crime
20689,Thriller
20826,Short
20828,Drama
20957,Comedy
20957,Drama
20966,Action
21155,Animation
21155,Short
21185,Adventure
21493,Comedy
21606,Drama
21782,Horror
22000,Comedy
22194,Short
22651,Sci-Fi
22651,Thriller
22688,Adventure
22688,Comedy
22688,Family
22688,Fantasy
22817,Short
22824,Drama
22878,Drama
23065,Comedy
23065,Short
23067,Comedy
23067,Documentary
23083,Documentary
23190,Comedy
23264,Animation
23264,Comedy
23264,Short
23330,Drama
23330,Short
23336,Short
23442,Comedy
23442,Short
23622,Drama
23654,Animation
23654,Comedy
23654,Family
23654,Short
23673,Crime
23673,Drama
24168,Comedy
24252,Comedy
24252,Drama
24252,Romance
24293,Documentary
24293,Drama
24293,Sci-Fi
24432,Action
24432,Adventure
24432,Comedy
24432,Music
24465,Comedy
24465,Short
24476,Comedy
24515,Short
24680,Romance
24701,Drama
24713,Comedy
24776,Action
24776,Thriller
24906,Drama
24955,Action
24955,Adventure
25386,Drama
25774,Drama
25805,Adventure
25805,Drama
25822,Action
25851,Romance
25851,Thriller
25926,Action
25926,Comedy
25926,Musical
25967,Action
25967,Crime
25967,Romance
26041,Animation
26041,Family
26079,Comedy
26079,Family
26079,Fantasy
26081,Family
26081,Fantasy
26154,Short
26199,Documentary
26320,Short
26329,Comedy
26352,Comedy
26352,Family
26425,Comedy
26425,Drama
26425,Short
26476,Drama
26500,Animation
26500,Short
26666,Comedy
26666,Romance
26681,Comedy
26795,Thriller
26992,Short
27069,Sci-Fi
27184,Drama
27285,Drama
27339,Action
27415,Action
27415,Comedy
27415,Musical
27676,Comedy
27927,Short
27978,Drama
28164,Drama
28164,Thriller
28177,Family
28375,Drama
28492,Romance
28543,Drama
28832,Drama
28832,Romance
28914,Comedy
28917,Action
28917,Short
29162,Action
29162,Comedy
29228,Short
29248,Action
29248,Crime
29248,Romance
29248,Thriller
29397,Drama
29469,Animation
29505,Short
29554,Action
29554,Drama
29554,Romance
29590,Drama
29640,Comedy
29912,Drama
29912,Family
30047,Documentary
30054,Animation
30054,Short
30106,Drama
30182,Family
30442,Mystery
30442,Romance
30442,Thriller
30582,Comedy
30583,Comedy
30662,Drama
30662,Romance
30683,Drama
30750,Drama
30792,Comedy
30792,Drama
30992,Horror
30992,Thriller
30995,Animation
30995,Short
31317,Sci-Fi
31317,Short
31411,Comedy
31411,Drama
31411,Family
31629,Comedy
31629,Sci-Fi
31656,Documentary
31656,Music
31790,Animation
31790,Family
31790,Short
31867,Short
32024,Drama
32122,Comedy
32146,Documentary
32531,Comedy
32531,Romance
32592,Drama
32601,Drama
33179,Comedy
33179,Drama
33179,Fantasy
33198,Adventure
33198,Family
33198,Fantasy
33283,Drama
33283,Romance
33332,Documentary
33416,Short
33581,Comedy
33670,Documentary
33714,Crime
33714,Drama
33728,Comedy
33728,Drama
33742,Drama
33775,Short
34191,Action
34191,Horror
34191,Sci-Fi
34238,Comedy
34306,Drama
34306,Short
34512,Comedy
34516,Action
34516,Crime
34516,Drama
34516,Horror
34516,Thriller
34535,Drama
34538,Drama
34553,Short
34670,Crime
34670,Drama
34670,Thriller
34702,Comedy
34702,Drama
34915,Action
34915,Adventure
34915,Thriller
35227,Drama
35227,Short
35236,Comedy
35237,Documentary
35257,Comedy
35257,Romance
35543,Comedy
35690,Drama
35770,Documentary
35778,Drama
36283,Drama
36376,Action
36376,Thriller
36461,Drama
36536,Drama
36536,Romance
36536,Sci-Fi
36948,Crime
36948,Short
36975,Action
36975,Adventure
36975,Comedy
36975,Drama
37002,Comedy
37006,Short
37010,Comedy
37118,Comedy
37122,Action
37122,Comedy
37122,Thriller
37160,Comedy
37160,Drama
37178,Comedy
37178,Mystery
37178,Thriller
37222,Comedy
37222,Drama
37222,Romance
37347,Comedy
37347,Romance
37374,Drama
37387,Comedy
37654,Documentary
37816,Fantasy
37894,Family
37958,Short
37997,Comedy
37997,Family
37997,Fantasy
38087,Animation
38087,Comedy
38087,Short
38104,Comedy
38104,Romance
38170,Comedy
38260,Animation
38260,Short
38338,Comedy
38338,Horror
38517,Documentary
38771,Drama
39142,Mystery
39193,Drama
39193,Music
39193,Thriller
39441,Action
39441,Thriller
39653,Thriller
39780,Mystery
39817,Documentary
39865,Action
40044,Comedy
40044,Short
40056,Comedy
40056,Sci-Fi
40056,Short
40089,Drama
40187,Action
40187,Horror
40187,Thriller
40221,Comedy
40222,Comedy
40222,Short
40226,Horror
40226,Mystery
40226,Thriller
40227,Comedy
40227,Horror
40334,Comedy
40334,Drama
40334,Romance
40505,Horror
40505,Thriller
40564,Comedy
40564,Drama
40660,Drama
40787,Drama
40813,Drama
40819,Family
40940,Drama
41157,Documentary
41157,Short
41182,Horror
41335,Comedy
41335,Drama
41352,Action
41352,Comedy
41360,Horror
41395,Action
41395,Drama
41395,Short
41416,Horror
41417,Horror
41417,Thriller
41423,Thriller
41433,Fantasy
41433,Horror
41433,Short
41796,Romance
41874,Action
41874,Adventure
41874,Drama
41874,Horror
41874,Romance
41874,Thriller
41915,Crime
41915,Drama
41942,Action
41942,Comedy
41942,Crime
42055,Comedy
42055,Musical
42111,Documentary
42206,Documentary
42207,Documentary
42227,Comedy
42227,Drama
42376,Documentary
42376,Music
42528,Drama
42533,Sci-Fi
42533,Short
42533,Thriller
42590,Drama
42654,Comedy
42729,Comedy
42729,Crime
42729,Drama
42807,Drama
42854,Crime
42860,Comedy
42860,Drama
42880,Short
43087,Thriller
43118,Comedy
43143,Romance
43287,Comedy
43565,Drama
43565,Mystery
43565,Thriller
43567,Horror
43567,Thriller
43624,Comedy
43624,Romance
43918,Comedy
43941,Comedy
43977,Comedy
44034,Action
44034,Crime
44034,Drama
44077,Drama
44198,Action
44198,Comedy
44198,Romance
44301,Adventure
44301,Comedy
44348,Short
44370,Documentary
44415,Drama
44488,Comedy
44488,Drama
44488,Music
44489,Documentary
44519,Comedy
45206,Short
45237,Comedy
45456,Comedy
45456,Romance
45456,Short
45457,Comedy
45457,Romance
45467,Short
45523,Adventure
45523,Family
45523,Sci-Fi
45578,Drama
45578,Family
45609,Drama
45609,Romance
45619,Comedy
45628,Comedy
45628,Drama
45695,Drama
45880,Documentary
45980,Documentary
46113,Drama
46182,Action
46194,Adventure
46194,Thriller
46194,War
46267,Short
46287,Drama
46334,Comedy
46342,Short
46416,Crime
46448,Comedy
46572,Horror
46708,Romance
46708,Short
46743,Comedy
46743,Horror
46743,Thriller
46834,Action
46834,Romance
46834,Sci-Fi
47130,Drama
47423,Drama
47482,Drama
47588,Drama
47837,Family
47837,Short
47856,Animation
47856,Drama
47856,Short
47992,Drama
47992,Short
48039,Comedy
48039,Romance
48047,Crime
48047,Drama
48047,Mystery
48047,Thriller
48255,Short
48321,Drama
48321,Romance
48428,Comedy
48428,Romance
48493,Short
48555,Action
48555,Adventure
48703,Drama
48703,Thriller
48711,Action
48711,Comedy
48777,Comedy
48777,Crime
48777,Thriller
48782,Drama
48782,Horror
48782,Short
48793,Documentary
48793,Music
48943,Action
48943,Comedy
48943,Horror
48943,Sci-Fi
48950,Adventure
48950,Animation
48950,Comedy
48950,Family
48954,Comedy
49135,Drama
49151,Drama
49322,Drama
49338,Crime
49338,Drama
49441,Comedy
49441,Drama
49441,Romance
49468,Drama
49468,Romance
49618,Animation
49618,Comedy
49618,Family
49618,Fantasy
49618,Short
49740,Drama
49885,Drama
50095,Documentary
50100,Short
50111,Comedy
50111,Short
50115,Short
50444,Comedy
50444,Romance
50595,Comedy
50595,Horror
50599,Action
50599,Thriller
50823,Drama
50971,Documentary
50977,Comedy
50977,Drama
50996,Drama
51043,Comedy
51071,Short
51237,Animation
51294,Short
51310,Comedy
51310,Drama
51424,Comedy
51424,Family
51434,Drama
51442,Comedy
51442,Drama
51724,Short
51726,Comedy
51726,Drama
51726,Music
52058,Comedy
52571,Fantasy
52929,Drama
52929,Romance
53074,Documentary
53220,Comedy
53277,Short
53323,Comedy
53323,Romance
53327,Comedy
53747,Drama
53747,Short
53764,Comedy
53925,Documentary
54027,Animation
54027,Short
54364,Thriller
54592,Animation
54592,Comedy
54592,Short
54631,Drama
54634,Drama
54740,Comedy
54740,Short
54890,Adventure
54890,Animation
54890,Fantasy
55132,Comedy
55264,Drama
55280,Drama
55457,Horror
55457,Mystery
55824,Animation
55857,Documentary
55866,Comedy
56054,Drama
56125,Action
56125,Adventure
56181,Short
56493,Adventure
56493,Comedy
56493,Fantasy
56820,Drama
56937,Comedy
56937,Drama
56958,Documentary
56958,Short
57196,Crime
57196,Drama
57654,Comedy
57727,Drama
57727,Short
57760,Crime
57760,Drama
57760,Mystery
57760,Thriller
57778,Drama
57804,Drama
57832,Comedy
57889,Comedy
57889,Sci-Fi
57889,Short
57981,Drama
58063,Short
58125,Documentary
58162,Comedy
58162,Drama
58312,Action
58312,Drama
58312,War
58329,Drama
58360,Comedy
58360,Romance
58403,Comedy
58408,Comedy
58408,Drama
58542,Comedy
58921,Action
58921,Crime
58921,Drama
59096,Short
59375,Drama
59375,Thriller
59378,Comedy
59415,Drama
59415,Mystery
59491,Comedy
59519,Documentary
59519,Music
59695,Drama
59695,Short
59749,Comedy
59850,Adult
60084,Drama
60367,Documentary
60596,Action
60596,Crime
60596,Drama
60744,Comedy
60744,Romance
60769,Drama
61094,Short
61161,Comedy
61161,Drama
61234,Comedy
61287,Short
61303,Short
61329,Comedy
61329,Romance
61340,Comedy
61340,Short
61706,Short
61716,Documentary
61812,Drama
61812,Short
61876,Comedy
61888,Action
61888,Adventure
61888,Comedy
61888,Thriller
61900,Comedy
61900,Drama
61900,Romance
61993,Comedy
62388,Action
62388,Comedy
62388,Crime
62388,Fantasy
62411,Documentary
62430,Short
62489,Comedy
62489,Drama
62520,Comedy
62578,Documentary
62651,Action
62651,Family
62660,Action
62660,Comedy
62660,Romance
62664,Comedy
62664,Short
62762,Comedy
62762,Horror
62762,Short
62852,Comedy
62852,Crime
62852,Horror
62932,Horror
63253,Short
63263,Family
63263,Short
63559,Comedy
63559,Drama
63654,Animation
63654,Family
63827,Animation
63827,Short
63832,Drama
63832,Romance
63856,Comedy
63866,Drama
63874,Comedy
64223,Comedy
64316,Documentary
64323,Documentary
64326,Documentary
64625,Animation
64625,Family
64652,Short
64746,Drama
64787,Documentary
64842,Drama
64842,Fantasy
64842,Romance
64863,Action
65022,Drama
65099,Drama
65101,Comedy
65134,Comedy
65155,Drama
65155,Short
65386,Drama
65386,Romance
65432,Comedy
65432,Crime
65432,Thriller
65452,Drama
65565,Drama
65602,Short
65657,Drama
65676,Short
65747,Short
65781,Comedy
66011,Horror
66019,Drama
66151,Drama
66151,Romance
66152,Drama
66168,Music
66195,Comedy
66195,Short
66204,Comedy
66615,Action
66709,Comedy
66709,Drama
66817,Comedy
66817,Romance
66887,Documentary
66901,Short
66901,Thriller
66928,Drama
66939,Horror
66939,Thriller
67093,Action
67093,Thriller
67169,Short
67209,Comedy
67400,Comedy
67456,Drama
67481,Comedy
67481,Documentary
67709,Comedy
67709,Drama
67709,Short
67909,Comedy
68058,Adventure
68058,Drama
68058,Musical
68075,Comedy
68225,Comedy
68225,Romance
68362,Thriller
68367,Comedy
68447,Thriller
68609,Comedy
68733,Drama
68816,Comedy
68816,Short
68902,Comedy
68902,Romance
68916,Drama
69319,Short
69356,Comedy
69356,Short
69357,Drama
69385,Thriller
69932,Romance
70109,Crime
70110,Thriller
70224,Mystery
70224,Thriller
70238,Documentary
70252,Drama
70252,Short
70325,Comedy
70325,Drama
70366,Short
70367,Short
70368,Comedy
70368,Drama
70424,Drama
70545,Thriller
70624,Drama
70737,Drama
70737,Short
70797,Drama
70889,Drama
70893,Horror
70925,Drama
70950,Drama
70975,Documentary
71138,Action
71138,Crime
71138,Drama
71138,Thriller
71287,Comedy
71449,Drama
71465,Short
71479,Drama
71528,Comedy
71528,Family
71528,Fantasy
71528,Sci-Fi
71623,Action
71623,Drama
71623,Thriller
71798,Documentary
71798,Drama
71798,War
72033,Animation
72033,Comedy
72033,Drama
72033,Short
72034,Comedy
72034,Drama
72382,Drama
72459,Drama
72469,Comedy
72504,Drama
72515,Comedy
72562,Action
72706,Comedy
72706,Drama
72740,Action
72740,Crime
72810,Documentary
72810,Music
72815,Short
72851,Adventure
72855,Documentary
72877,Horror
72878,Horror
72878,Thriller
72932,Drama
73353,Action
73361,Action
73361,Drama
73468,Drama
73578,Comedy
73578,Romance
73616,Comedy
73616,Drama
73785,Short
73826,Action
73826,Adventure
73826,Drama
73860,Drama
73902,Comedy
73902,Short
73913,Crime
73913,Drama
74010,Drama
74010,Romance
74010,Thriller
74055,Documentary
74135,Short
74152,Drama
74172,Action
74172,Crime
74172,Drama
74172,Thriller
74208,Documentary
74241,Short
74336,Comedy
74365,Drama
74584,Drama
74600,Comedy
74608,Drama
74608,Short
74747,Comedy
74912,Comedy
74914,Short
75005,Comedy
75005,Short
75006,Short
75285,Drama
75285,Romance
75285,Short
75382,Drama
75450,Crime
75450,Horror
75450,Thriller
75557,Horror
75581,Comedy
75581,Horror
75602,Comedy
75602,Fantasy
75602,Romance
75662,Short
75862,Animation
75862,Drama
75862,Fantasy
75862,Short
75897,Drama
76208,Mystery
76276,Fantasy
76276,Musical
76333,Comedy
76415,Action
76415,Crime
76415,Romance
76415,Thriller
76483,Action
76483,Comedy
76483,Short
76505,Crime
76505,Thriller
76812,Drama
76812,Romance
76813,Comedy
76813,Drama
76813,Musical
76813,Romance
77457,Short
77630,Drama
77650,Action
77650,Drama
77650,Short
77650,War
77676,Drama
77676,Music
77676,Romance
77680,Drama
77680,Musical
77692,Documentary
77712,Comedy
77712,Drama
77758,Drama
77768,Short
77831,Documentary
77848,Comedy
77848,Short
77888,Short
78001,Thriller
78015,Drama
78015,Romance
78087,Thriller
78141,Drama
78531,Thriller
78657,Short
78702,Comedy
78702,Drama
78789,Mystery
78789,Sci-Fi
78789,Thriller
78792,Action
78792,Drama
78792,Horror
78836,Drama
78836,Thriller
78884,Action
78904,Action
78904,Adventure
78904,Fantasy
78904,Sci-Fi
78904,Short
78942,Documentary
78969,Thriller
79025,Drama
79058,Thriller
79162,Comedy
79162,Horror
79162,Short
79298,Comedy
79298,Short
79468,Crime
79468,Drama
79559,Documentary
79585,Drama
79727,Comedy
79758,Short
79768,Drama
79937,Short
80057,Comedy
80057,Drama
80057,Family
80057,Fantasy
80166,Animation
80166,Short
80404,Crime
80407,Crime
80409,Drama
80409,Thriller
80429,Thriller
80442,Action
80442,Drama
80444,Crime
80444,Drama
80444,Thriller
80493,Comedy
80493,Romance
80504,Comedy
80513,Comedy
80513,Drama
80513,Thriller
80562,Short
80608,Thriller
80724,Action
80875,Comedy
80875,Crime
80875,Drama
80875,Romance
80875,Short
80897,Comedy
80897,Fantasy
80897,Romance
80902,Comedy
80902,Short
80907,Crime
80907,Drama
80916,Action
80916,Comedy
80916,Short
80951,Adventure
80951,Comedy
80951,Romance
80975,Documentary
81010,Family
81010,Fantasy
81155,Horror
81172,Drama
81172,Musical
81263,Action
81263,Sci-Fi
81263,Short
81326,Documentary
81432,Documentary
81449,Comedy
81464,Short
81527,Comedy
81527,Horror
81533,Action
81533,Crime
81533,Drama
81533,Horror
81533,Mystery
81533,Thriller
81641,Documentary
81731,Action
81731,Horror
81731,Thriller
81767,Drama
81776,Drama
81776,Sci-Fi
81776,Thriller
81790,Comedy
81790,Drama
81880,Action
81880,Horror
81880,Thriller
82239,Documentary
82246,Drama
82454,Comedy
82454,Drama
82454,Thriller
82473,Short
82474,Action
82474,Adventure
82474,Comedy
82474,Romance
82474,Thriller
82527,Action
82598,Thriller
82758,Drama
82758,War
82794,Drama
82837,Comedy
82837,Drama
82922,Horror
83098,Drama
83098,Romance
83181,Short
83305,Comedy
83367,Drama
83367,Family
83515,Horror
83560,Comedy
83663,Action
83825,Drama
83825,Short
83928,Drama
83929,Comedy
83969,Action
83969,Drama
83969,Thriller
84005,Comedy
84067,Drama
84072,Drama
84072,Short
84394,Drama
84395,Drama
84409,Drama
84409,Thriller
84432,Action
84437,Crime
84437,Drama
84437,Thriller
84457,Adventure
84457,Comedy
84457,Music
84486,Comedy
84552,Documentary
84861,Short
84889,Crime
84889,Drama
84889,Thriller
85262,Documentary
85509,Action
85509,Crime
85509,Thriller
85649,Comedy
85665,Documentary
85864,Action
85866,Comedy
85866,Mystery
85975,Drama
85984,Short
86282,Comedy
86282,Horror
86347,Crime
86432,Comedy
86432,Romance
86478,Drama
86478,Romance
86540,Drama
86678,Drama
86678,Musical
86678,Romance
86678,Thriller
86707,Short
86727,Comedy
86739,Comedy
86745,Comedy
86745,Drama
86745,Family
86745,Romance
86847,Short
86959,Comedy
87118,Action
87118,Thriller
87213,Short
87223,Comedy
87234,Comedy
87234,Drama
87244,Animation
87244,Short
87480,Comedy
87498,Comedy
87498,Drama
87814,Drama
87900,Drama
87926,Horror
87926,Thriller
88030,Crime
88030,Drama
88030,Horror
88030,Short
88087,Comedy
88087,Drama
88095,Documentary
88166,Documentary
88180,Drama
88195,Comedy
88195,Thriller
88410,Crime
88410,Drama
88410,Thriller
88541,Action
88559,Action
88559,Thriller
88698,Short
88869,Comedy
88869,Family
88892,Drama
88892,Fantasy
88892,Romance
89194,Drama
89194,Family
89199,Comedy
89199,Romance
89256,Adventure
89256,Fantasy
89281,Comedy
89288,Adventure
89288,Comedy
89288,Fantasy
89323,Short
89336,Drama
89341,Short
89346,Drama
89346,Romance
89397,Drama
89435,Drama
89451,Drama
89567,Drama
89885,Short
90111,Comedy
90111,Romance
90314,Comedy
90314,Romance
90379,Short
90419,Short
90468,Documentary
90544,Drama
90544,Musical
90647,Animation
90647,Short
90710,Comedy
90883,Drama
90928,Action
90928,Adventure
91166,Drama
91643,Comedy
91769,Crime
91769,Drama
91769,Mystery
91769,Thriller
91994,Animation
91994,Comedy
91994,Family
92150,Drama
92284,Drama
92323,Drama
92323,Short
92333,Drama
92491,Comedy
92491,Drama
92491,Short
93074,Drama
93129,Comedy
93129,Drama
93129,Short
93261,Comedy
93261,Drama
93281,Romance
93418,Comedy
93694,Drama
93748,Short
93762,Comedy
93762,Drama
93762,Romance
93959,Comedy
93971,Crime
94217,Drama
94312,Drama
94435,Comedy
94621,Comedy
94621,Family
94745,Short
94817,Drama
94817,Romance
94817,Western
94978,Comedy
94978,Family
95040,Action
95040,Comedy
95040,Drama
95114,Drama
95329,Action
95329,Comedy
95329,Crime
95365,Family
95365,Fantasy
95431,Comedy
95431,Family
95431,Romance
95447,Crime
95755,Drama
95755,Romance
96041,Short
96111,Crime
96111,Drama
96140,Short
96323,Short
96335,Comedy
96335,Drama
96382,Drama
96383,Comedy
96383,Drama
96383,Musical
96383,Short
96395,Comedy
96500,Comedy
96684,Horror
96684,Short
96684,Thriller
96728,Drama
96787,Comedy
96787,Drama
96787,Romance
96799,Comedy
96799,Drama
96834,Drama
96910,Crime
96910,Drama
97036,Action
97036,Romance
97167,Comedy
97193,Short
97306,Short
97343,Documentary
97343,Short
97372,Comedy
97372,Musical
97372,Romance
97450,Drama
97450,Thriller
97490,Drama
97517,Comedy
97517,Drama
97517,Romance
97597,Comedy
97597,Short
97644,Comedy
97830,Adventure
97830,Family
98137,Short
98184,Action
98184,Adventure
98184,Horror
98184,Mystery
98184,Thriller
98192,Drama
98192,Short
98192,Thriller
98351,Drama
98385,Action
98385,Thriller
98602,Horror
98818,Comedy
99132,Animation
99132,Comedy
99132,Short
99213,Short
99251,Comedy
99287,Drama
99590,Comedy
99601,Comedy
99767,Horror
99798,Drama
99798,Romance
99953,Comedy
99953,Music
99953,Romance
99953,Short
100165,Drama
100210,Drama
100210,Short
100295,Drama
100316,Short
100469,Drama
100521,Drama
100521,Romance
100747,Short
100754,Short
100816,Action
100816,Horror
100816,Mystery
100816,Thriller
100826,Drama
100826,Romance
100826,War
100937,Comedy
100937,Short
100995,Documentary
100995,Drama
101049,Action
101070,Action
101070,Drama
101070,Thriller
101124,Comedy
101124,Romance
101132,Animation
101132,Family
101221,Comedy
101221,Drama
101233,Drama
101547,Drama
101547,Romance
101593,Documentary
101631,Short
101709,Short
101867,Mystery
101867,Thriller
101925,Short
101942,Romance
101967,Drama
102009,Thriller
102021,Documentary
102021,Short
102110,Documentary
102110,Short
102234,Comedy
102338,Comedy
102576,Comedy
102576,Family
102940,Documentary
102951,Thriller
102964,Drama
102988,Short
103157,Comedy
103268,Action
103268,Adventure
103268,Comedy
103268,Fantasy
103268,Sci-Fi
103273,Action
103309,Adventure
103348,Action
103348,Sci-Fi
103461,Comedy
103461,Drama
103631,Documentary
103931,Drama
103931,Romance
103999,Drama
104324,Documentary
104663,Animation
104663,Short
104791,Action
104791,Adventure
104877,Drama
104886,Crime
104886,Drama
104886,Thriller
104891,Action
104891,Thriller
105069,Comedy
105069,Fantasy
105069,Romance
105083,Documentary
105083,Short
105211,Crime
105211,Drama
105394,Comedy
105394,Short
105444,Thriller
105598,Fantasy
105606,Crime
105606,Drama
105606,Thriller
105647,Animation
105647,Short
105780,Drama
105780,Short
105823,Crime
105823,Drama
105823,Sci-Fi
105823,Thriller
105826,Comedy
105826,Musical
105826,Sci-Fi
105859,Action
105859,Crime
105977,Animation
105977,Short
106035,Comedy
106035,Short
106174,Comedy
106174,Short
106205,Drama
106224,Drama
106266,Drama
106266,Mystery
106280,Comedy
106285,Action
106285,Comedy
106334,Documentary
106334,Short
106520,Mystery
106520,Thriller
106666,Drama
106666,Mystery
106666,Thriller
106737,Drama
106738,Drama
106738,Romance
107192,Documentary
107197,Documentary
107197,Horror
107265,Horror
107265,Sci-Fi
107331,Adventure
107331,Animation
107331,Family
107331,Fantasy
107333,Comedy
107341,Action
107341,Adventure
107341,Crime
107341,Drama
107341,Thriller
107377,Crime
107377,Drama
107398,Action
107398,Drama
107491,Drama
107491,Short
107526,Thriller
107527,Drama
107612,Crime
107671,Short
107720,Family
107722,Documentary
107831,Thriller
107835,Comedy
107842,Horror
107842,Mystery
107842,Thriller
107861,Crime
107861,Drama
107861,Thriller
107922,Drama
107925,Comedy
107929,Drama
107929,Romance
107938,Action
107938,Sci-Fi
108093,Comedy
108255,Short
108340,Comedy
108340,Family
108389,Family
108683,Animation
108683,Family
108683,Music
108722,Horror
108722,Romance
108864,Horror
108865,Horror
108873,Comedy
108937,Comedy
108937,Mystery
108981,Drama
109167,Documentary
109243,Documentary
109252,Drama
109264,Drama
109395,Comedy
109481,Comedy
109481,Drama
109502,Comedy
109607,Thriller
109705,Drama
109953,Short
109992,Comedy
110251,Comedy
110251,Drama
110314,Horror
110519,Short
110732,Drama
110739,Drama
110739,Thriller
110981,Sci-Fi
111039,Comedy
111039,Drama
111145,Drama
111246,Action
111246,Adventure
111246,Fantasy
111248,Documentary
111254,Comedy
111254,Drama
111254,Romance
111254,Short
111299,Comedy
111359,Short
111373,Action
111373,Crime
111373,Documentary
111395,Documentary
111395,Short
111408,Family
111557,Drama
111642,Animation
111642,Comedy
111642,Short
111644,Comedy
111674,Drama
111674,Romance
111786,Comedy
111786,Crime
111789,Thriller
111887,Drama
111947,Drama
111947,Short
112227,Documentary
112290,Crime
112290,Drama
112290,Mystery
112290,Thriller
112504,Comedy
112643,Comedy
112855,Drama
112855,Romance
112917,Drama
112953,Documentary
113075,Comedy
113130,Adventure
113130,Comedy
113216,Drama
113291,Drama
113376,Action
113415,Action
113415,Drama
113491,Drama
113507,Comedy
113507,Drama
113507,Romance
113646,Drama
113673,Drama
113685,Drama
113990,Action
113990,Thriller
114045,Drama
114196,Drama
114196,Family
114208,Drama
114208,Short
114208,War
114246,Adventure
114246,Animation
114246,Family
114246,Short
114342,Short
114364,Comedy
114367,Action
114367,Comedy
114367,Family
114367,Thriller
114389,Short
114434,Short
114465,Drama
114467,Comedy
114524,Documentary
114584,Comedy
114584,Drama
114667,Short
114688,Thriller
114691,Drama
114708,Comedy
114708,Documentary
114708,Family
115150,Drama
115169,Animation
115169,Fantasy
115179,Comedy
115179,Drama
115666,Drama
115668,Drama
115811,Comedy
115811,Drama
115820,Comedy
115820,Drama
115918,Drama
115918,Short
116053,Comedy
116154,Short
116161,Drama
116235,Animation
116235,Short
116309,Horror
116345,Comedy
116471,Comedy
116550,Comedy
116556,Crime
116556,Mystery
116556,Thriller
116583,Adventure
116583,Family
116646,Comedy
116646,Romance
116666,Comedy
116666,Short
116750,Comedy
116750,Drama
116826,Documentary
117091,Drama
117091,Romance
117424,Crime
117424,Thriller
117522,Comedy
117522,Romance
117558,Drama
117558,Romance
117656,Comedy
117656,Drama
117656,Romance
117665,Drama
117666,Romance
117666,Thriller
117860,Documentary
117958,Action
117958,Sci-Fi
117986,Comedy
117986,Drama
118140,Documentary
118268,Drama
118626,Animation
118626,Comedy
118626,Family
118626,Short
118642,Animation
118642,Short
118724,Short
118870,Documentary
118895,Animation
118895,Short
118946,Horror
119006,Documentary
119009,Documentary
119009,Short
119066,Documentary
119188,Comedy
119251,Comedy
119251,Romance
119315,Horror
119315,Thriller
119328,Comedy
119344,Documentary
119484,Comedy
119484,Romance
119487,Action
119487,Drama
119501,Comedy
119520,Documentary
119520,Music
119560,Fantasy
119587,Action
119587,Drama
119608,Documentary
119625,Crime
119625,Drama
119625,Thriller
119652,Comedy
119652,Short
119892,Drama
120230,Comedy
120230,Drama
120230,Romance
120392,Mystery
120427,Comedy
120427,Thriller
120537,Short
120573,Documentary
120782,Drama
120796,Documentary
121406,Animation
121406,Short
121456,Comedy
121456,Crime
121484,Short
121498,Drama
121525,Short
121898,Drama
122247,Short
122325,Short
122345,Documentary
122441,Comedy
122553,Short
122682,Action
122682,Adventure
122686,Crime
122686,Drama
122686,Music
122688,Drama
122725,Animation
122749,Short
122898,Documentary
122917,Action
122917,Crime
122917,Drama
122917,Family
122951,Drama
123003,Documentary
123003,Short
123034,Adventure
123034,Comedy
123034,Sci-Fi
123176,Comedy
123370,Comedy
123370,Drama
123397,Action
123397,Adventure
123418,Drama
123418,Thriller
123446,Horror
123446,Sci-Fi
123556,Comedy
123788,Action
123788,Drama
123923,Comedy
124020,Drama
124123,Horror
124896,Comedy
124896,Drama
125241,Action
125241,Animation
125241,Drama
125242,Action
125242,Adventure
125242,Animation
125242,Comedy
125242,Family
125264,Drama
125264,Romance
125370,Short
125396,Drama
125420,Action
125420,Animation
125420,Sci-Fi
125478,Documentary
125505,Animation
125549,Drama
125549,Mystery
125549,Thriller
125557,Crime
125557,Drama
125557,Thriller
125578,Horror
125628,Short
125633,Documentary
125637,Adventure
125637,Drama
125641,Action
125641,Adventure
125641,Drama
125641,Thriller
125675,Documentary
125675,Music
125937,Drama
125942,Action
125942,Animation
125971,Mystery
125971,Sci-Fi
126029,Comedy
126029,Romance
126029,Short
126115,Drama
126495,Comedy
126502,Documentary
126548,Drama
126548,Romance
126713,Comedy
126713,Mystery
126713,Romance
126747,Comedy
126747,Drama
127014,Comedy
127039,Drama
127104,Action
127104,Crime
127104,Drama
127329,Crime
127329,Drama
127329,Romance
127387,Thriller
127432,Adventure
127432,Drama
127480,Comedy
127480,Drama
127480,Romance
127663,Animation
127663,Musical
127663,Short
127720,Drama
127783,Animation
127783,Sci-Fi
127834,Thriller
127903,Mystery
128085,Drama
128085,Romance
128320,Drama
128347,Documentary
128583,Drama
128891,Comedy
128891,Drama
129113,Comedy
129113,Romance
129268,Family
129506,Drama
129506,Romance
129516,Drama
129516,Thriller
129768,Comedy
129768,Crime
129829,Adventure
129829,Comedy
129829,Horror
129900,Comedy
129900,Romance
129932,Comedy
129932,Short
129997,Drama
130063,Comedy
130063,Drama
130158,Crime
130158,Drama
130158,Musical
130158,Thriller
130168,Drama
130176,Documentary
130180,Horror
130183,Comedy
130184,Comedy
130184,Short
130201,Action
130201,Sci-Fi
130201,Thriller
130204,Animation
130204,Short
130260,Animation
130260,Short
130354,Comedy
130354,Drama
130437,Drama
130437,Romance
130437,Thriller
130484,Action
130484,Adventure
130484,Horror
130484,Sci-Fi
130484,Thriller
130504,Drama
130639,Documentary
130639,Short
130753,Documentary
130949,Action
130949,Comedy
130949,Romance
131052,Comedy
131061,Comedy
131128,Comedy
131128,Romance
131215,Comedy
131215,Drama
131266,Action
131342,Drama
131460,Adventure
131460,Drama
131511,Crime
131511,Drama
131511,Short
131613,Short
131727,Short
131739,Comedy
131739,Crime
131739,Thriller
131876,Animation
131876,Comedy
131876,Sci-Fi
131915,Comedy
132125,Documentary
132321,Drama
132321,Romance
132369,Drama
133023,Comedy
133064,Comedy
133344,Animation
133344,Short
133389,Comedy
133594,Drama
133594,Romance
133944,Documentary
133944,Short
134077,Drama
134077,Fantasy
134079,Short
134178,Comedy
134184,Drama
134184,Short
134280,Drama
134280,Western
134498,Comedy
134517,Adventure
134518,Adventure
134601,Comedy
134601,Crime
134654,Action
134654,Adventure
134654,Drama
134654,Thriller
134789,Animation
134789,Short
134996,Drama
135013,Animation
135013,Comedy
135013,Drama
135016,Drama
135016,Romance
135149,Drama
135178,Action
135178,Thriller
135364,Comedy
135402,Comedy
135485,Horror
135485,Thriller
135623,Drama
135623,Romance
136040,Crime
136040,Drama
136073,Comedy
136073,Mystery
136073,Romance
136079,Drama
136117,Drama
136194,Comedy
136195,Crime
136195,Short
136282,Animation
136282,Short
136329,Horror
136332,Action
136515,Drama
136643,Horror
136643,Romance
136643,Short
136667,Drama
136667,Horror
136667,Romance
136667,Thriller
136801,Comedy
136801,Family
137258,Comedy
137258,Romance
137470,Comedy
137663,Horror
137663,Thriller
137883,Action
137883,Crime
137968,Short
138114,Animation
138114,Documentary
138114,Family
138142,Documentary
138293,Drama
138293,Romance
138307,Documentary
138307,Music
138384,Animation
138384,Comedy
138384,Short
138593,Adventure
138593,Family
138620,Action
138683,Comedy
138683,Drama
138725,Short
138760,Drama
138761,Drama
138761,Romance
138786,Comedy
138786,Family
138912,Comedy
139001,Crime
139001,Drama
139137,Action
139137,Crime
139137,Drama
139137,Thriller
139173,Comedy
139173,Romance
139373,Drama
139443,Drama
139464,Drama
139464,Romance
139641,Action
139641,Comedy
139641,Horror
139751,Drama
139820,Drama
139827,Comedy
139992,Drama
140077,Horror
140077,Mystery
140077,Thriller
140181,Horror
140181,Thriller
140193,Horror
140193,Mystery
140193,Thriller
140283,Drama
140336,Short
140665,Drama
140783,Drama
140964,Drama
141031,Animation
141031,Short
141158,Drama
141158,Thriller
141358,Comedy
141358,Romance
141378,Adventure
141378,Drama
141577,Drama
141606,Thriller
141610,Thriller
141639,Drama
141646,Short
141892,Drama
141892,Romance
141934,Crime
141938,Drama
141984,Drama
142164,Thriller
142170,Action
142170,Drama
142234,Comedy
142234,Drama
142258,Comedy
142264,Comedy
142267,Action
142267,Comedy
142267,Romance
142269,Comedy
142366,Comedy
142366,Musical
142366,Short
142390,Action
142390,Drama
142390,Horror
142390,Thriller
142464,Drama
142546,Comedy
142655,Short
142712,Short
142758,Short
142894,Comedy
142894,Drama
142894,Romance
142912,Adult
142950,Crime
142950,Horror
143280,Drama
143280,Romance
143280,Thriller
143545,Sci-Fi
143545,Short
143549,Documentary
143684,Comedy
143842,Documentary
143911,War
144046,Documentary
144115,Comedy
144115,Drama
144297,Drama
144297,Horror
144451,Short
144465,Comedy
144465,Romance
144466,Drama
144467,Drama
144467,Western
144513,Comedy
144513,Drama
144513,Short
144521,Comedy
144521,Sci-Fi
144544,Action
144544,Crime
144544,Mystery
144544,Thriller
144681,Drama
144763,Drama
144763,Romance
144816,Comedy
145070,Documentary
145169,Thriller
145312,Drama
145312,Music
145434,Adventure
145434,Drama
145453,Drama
145453,Fantasy
145598,Adventure
145598,Drama
145607,Comedy
145609,Drama
146337,Short
146461,Short
146617,Romance
146729,Comedy
146758,Short
147052,Crime
147179,Comedy
147485,Documentary
147494,Comedy
147494,Short
147553,Comedy
147553,Short
147631,Documentary
147631,Horror
147972,Comedy
147972,Drama
147980,Comedy
147980,Drama
147999,Drama
148187,Short
148260,Comedy
148260,Drama
148260,Romance
148335,Documentary
148440,Comedy
148440,Thriller
148648,Comedy
148676,Comedy
148676,Romance
148784,Comedy
148795,Documentary
149020,Drama
149020,Romance
149020,War
149058,Drama
149058,Romance
149078,Short
149275,Comedy
149275,Drama
149332,Comedy
149332,Horror
149425,Drama
149425,Short
149448,Comedy
149448,Drama
149448,Romance
149511,Drama
149511,Romance
149511,War
149523,Drama
149804,Drama
149804,Romance
149844,Drama
149844,Short
149903,Short
149915,Comedy
149915,Drama
149915,Short
149934,Drama
149949,Action
149967,Action
150061,Action
150088,Comedy
150136,Adventure
150136,Animation
150136,Family
150483,Comedy
150483,Horror
150627,Comedy
150627,Drama
150731,Animation
150731,Comedy
150825,Drama
150825,Short
151106,Horror
151106,Thriller
151411,Drama
151411,Mystery
151411,Short
151411,Thriller
151458,Drama
151458,Romance
151631,Comedy
151733,Documentary
151733,Short
151935,Drama
151935,Musical
152136,Drama
152136,War
152246,Drama
152346,Drama
152453,Comedy
152453,Musical
152453,Romance
152486,Drama
152486,Family
152486,Musical
152499,Romance
152523,Comedy
152523,Short
152566,Documentary
152566,Short
152584,Comedy
152584,Drama
152603,Drama
152619,Animation
152619,Comedy
152619,Short
152777,Comedy
152860,Comedy
152860,Drama
152860,Romance
152945,Action
152945,Adventure
152945,Drama
152945,Romance
153094,Drama
153114,Drama
153147,Drama
153201,Animation
153201,Comedy
153201,Short
153204,Thriller
153492,Drama
153637,Comedy
153645,Drama
153645,Sci-Fi
153645,Thriller
153712,Action
153712,Drama
153717,Comedy
153748,Comedy
153748,Romance
153757,Comedy
153757,Crime
153836,Action
153836,Crime
153836,Drama
153836,Thriller
154128,Documentary
154128,Short
154283,Short
154294,Action
154294,Comedy
154621,Horror
154621,Mystery
154621,Thriller
154622,Short
154749,Crime
154749,Drama
154749,Romance
154773,Comedy
154773,Horror
154773,Short
154822,Comedy
154828,Comedy
154828,Romance
154854,Comedy
154854,Family
154896,Drama
154896,Family
154896,War
154910,Comedy
154910,Drama
154910,Romance
154969,Drama
154991,Short
155074,Horror
155248,Fantasy
155248,Horror
155301,Action
155359,Comedy
155541,Documentary
155577,Drama
155577,Musical
155596,Comedy
155596,Romance
155684,Comedy
155684,Drama
155696,Comedy
155696,Horror
155797,Animation
155797,Short
155832,Thriller
155869,Horror
155869,Short
155927,Crime
155927,Drama
155927,Thriller
156140,Animation
156140,Short
156473,Mystery
156473,Thriller
156480,Drama
156653,Drama
156653,Short
156836,Documentary
157180,Crime
157180,Drama
157180,Thriller
157255,Comedy
157474,Drama
157636,Horror
157636,Thriller
157698,Action
157698,Drama
157712,Drama
157716,Drama
157716,Romance
157716,Thriller
157723,Documentary
157896,Documentary
157896,War
157923,Comedy
157937,Drama
158207,Crime
158207,Drama
158227,Short
158282,Action
158356,Documentary
158356,War
158393,Action
158494,Drama
158496,Horror
158528,Crime
158528,Drama
158528,Thriller
158833,Thriller
158855,Comedy
158855,Drama
159599,Comedy
159753,Thriller
159808,Comedy
159808,Crime
159808,Thriller
160120,Drama
160486,Short
160492,Drama
160492,Thriller
160535,Comedy
160560,Action
160560,Adventure
160560,Comedy
160560,Family
160656,Drama
160656,Thriller
160684,Documentary
160722,Comedy
160722,Romance
160750,Drama
160750,Musical
160750,Romance
160797,Drama
160809,Action
160809,Drama
160809,Sci-Fi
160934,Action
160934,Crime
160934,Drama
160934,Romance
161111,Short
161115,Crime
161115,Drama
161115,Thriller
161116,Comedy
161188,Thriller
161462,Drama
161467,Drama
161641,Drama
161641,Mystery
161641,Romance
161641,Thriller
161951,Comedy
161951,Drama
162352,Animation
162352,Family
162352,Sci-Fi
162410,Action
162410,Adventure
162410,War
162878,Documentary
162898,Comedy
163029,Action
163029,Comedy
163209,Comedy
163209,Sci-Fi
163209,Short
163601,Comedy
163601,Short
163653,Animation
163653,Short
163779,Action
163779,Horror
163958,Drama
164183,Drama
164328,Comedy
164328,Drama
164328,Family
164328,Romance
164353,Comedy
164432,Comedy
164432,Drama
164432,Fantasy
164635,Family
164878,Fantasy
164878,Horror
164878,Romance
165013,Drama
165123,Comedy
165123,Drama
165123,War
165208,Documentary
165370,Action
165370,Adventure
165370,Drama
165370,Horror
165370,Sci-Fi
165422,Comedy
165422,Crime
165422,Drama
165556,Comedy
165899,Documentary
165958,Comedy
165958,Crime
165990,Drama
165990,Romance
166129,Comedy
166156,Drama
166175,Drama
166175,Short
166181,Drama
166346,Drama
166346,Musical
166346,Romance
166367,Comedy
166367,Drama
166367,Musical
166367,Romance
166588,Documentary
166601,Documentary
166601,Short
166652,Comedy
166652,Short
166893,Drama
166904,Comedy
166904,Crime
166904,Drama
166985,Documentary
167043,Short
167068,Drama
167251,Documentary
167317,Family
167317,Fantasy
167321,Comedy
167351,Comedy
167351,Drama
167351,Family
167351,Romance
167442,Comedy
167442,Horror
167489,Action
167489,Thriller
167538,Horror
167577,Comedy
167577,Crime
167577,Horror
167577,Mystery
167709,Comedy
167709,Crime
167714,Drama
167789,Animation
167789,Fantasy
167789,Thriller
167834,Drama
167891,Drama
167942,Drama
167942,War
168235,Documentary
168289,Crime
168289,Drama
168450,Short
168633,Drama
168642,Comedy
168642,Short
168736,Mystery
168736,Thriller
168793,Action
168793,Drama
168793,Thriller
168904,Comedy
168904,Musical
168920,Animation
168920,Comedy
168920,Short
168958,Drama
169065,Short
169106,Drama
169153,Drama
169449,Documentary
169679,Drama
169689,Drama
169859,Crime
169859,Drama
169946,Drama
169991,Drama
170247,Comedy
170247,Drama
170247,Romance
170451,Drama
170540,Comedy
170544,Drama
170544,Short
170630,Drama
170630,Romance
170725,Action
170725,Adventure
170725,Family
170730,Adventure
170885,Documentary
171035,Comedy
171035,Romance
171052,Comedy
171052,Family
171052,Short
171168,Action
171168,Short
171191,Comedy
171229,Short
171230,Comedy
171270,Comedy
171278,Comedy
171278,Romance
171301,Documentary
171491,Comedy
171855,Action
171855,Crime
171855,Romance
171866,Drama
171866,Romance
171877,Family
171910,Drama
171910,Short
171919,Comedy
171919,Drama
171919,War
172032,Drama
172137,Drama
172213,Comedy
172898,Comedy
172898,Musical
172898,Romance
173187,Short
173254,Family
173514,Drama
173514,Short
173514,Western
173595,Drama
173600,Drama
173618,Crime
173618,Mystery
173618,Thriller
173871,Short
173993,Romance
174005,Short
174006,Documentary
174059,Comedy
174059,Crime
174059,Thriller
174061,Drama
174166,Drama
174219,Comedy
174284,Drama
174517,Thriller
174797,Mystery
174797,Thriller
174911,Drama
174911,Family
174978,Documentary
174988,Drama
175106,Action
175198,Documentary
175246,Comedy
175246,Drama
175417,Documentary
175549,Comedy
175590,Drama
175714,Drama
175767,Action
175767,Comedy
175767,Horror
175767,Romance
175804,Comedy
175855,Drama
176055,Comedy
176082,Comedy
176082,Family
176145,Drama
176303,Family
176348,Adventure
176393,Comedy
176393,Family
176393,Sci-Fi
176532,Animation
176550,Drama
176669,Comedy
176685,Comedy
176685,Crime
176713,Fantasy
176713,Horror
176713,Thriller
176748,Comedy
176748,Romance
176758,Drama
176811,Horror
176813,Action
176813,Adventure
176952,Short
176975,Short
176989,Action
176999,Action
176999,Crime
176999,Thriller
177011,Documentary
177015,Action
177015,Thriller
177089,Comedy
177089,Romance
177122,Drama
177145,Drama
177254,Animation
177254,Family
177254,Musical
177284,Horror
177284,Sci-Fi
177284,Thriller
177310,Documentary
177310,Short
177347,Drama
177427,Short
177666,Short
177883,Animation
177883,Family
178038,Drama
178038,Romance
178087,Comedy
178087,Horror
178140,Romance
178147,Comedy
178147,Thriller
178170,Comedy
178170,Short
178207,Comedy
178207,Romance
178257,Comedy
178291,Animation
178291,Drama
178291,Thriller
178631,Comedy
178631,Drama
178675,Drama
178675,Short
178731,Drama
178975,Action
178975,Thriller
179073,Short
179215,Action
179215,Animation
179215,Comedy
179363,Action
179363,Crime
179363,Drama
179363,Thriller
179631,Horror
179631,Mystery
179641,Documentary
179791,Horror
179791,Sci-Fi
180208,Documentary
180215,Short
180587,Comedy
180587,Drama
180587,Short
180633,Sci-Fi
181005,Comedy
181249,Crime
181249,Drama
181255,Drama
181407,Drama
181407,Family
181451,Comedy
181451,Drama
181480,Comedy
181480,Drama
181480,Family
181480,Romance
181623,Action
181623,Comedy
181623,Drama
181630,Drama
181630,Music
181714,Crime
181714,Thriller
181795,Animation
181795,Short
181860,Drama
181945,Comedy
181951,Short
182028,Action
182028,Crime
182028,Drama
182028,Thriller
182050,Horror
182071,Documentary
182094,Documentary
182094,Music
182097,Documentary
182136,Crime
182136,Drama
182136,Thriller
182461,Comedy
182461,Drama
182461,Short
182534,Animation
182534,Comedy
182534,Family
182620,Comedy
182692,Drama
182872,Short
182989,Comedy
182989,Romance
182998,Action
183027,Thriller
183335,Comedy
183335,Crime
183335,Short
183426,Comedy
183779,Horror
183849,Documentary
184073,Comedy
184093,Action
184093,Comedy
184093,Horror
184152,Action
184152,Crime
184152,Drama
184225,Thriller
184403,Drama
184786,Drama
184919,Documentary
184919,Short
185084,Drama
185086,Comedy
185086,Romance
185106,Documentary
185106,Horror
185106,Thriller
185112,Drama
185131,Drama
185151,Short
185152,Documentary
185201,Comedy
185201,Drama
185207,Documentary
185220,Documentary
185295,Short
185357,Comedy
185398,Action
185424,Comedy
185424,Drama
185566,Short
185596,Crime
185596,Drama
185596,Thriller
185635,Crime
185635,Romance
185635,Thriller
185640,Drama
185715,Action
185715,Adventure
185736,Short
185790,Comedy
185854,Comedy
185971,Comedy
185971,Drama
186020,Horror
186127,Comedy
186136,Comedy
186136,Musical
186192,Comedy
186192,Drama
186558,Animation
186558,Short
186732,Short
187032,Drama
187067,Comedy
187081,Drama
187125,Action
187158,Crime
187158,Documentary
187237,Adventure
187237,Mystery
187345,Comedy
187345,Short
187442,Drama
187442,Fantasy
187442,Music
187482,Action
187482,Adventure
187482,War
187734,Drama
187734,Short
187768,Drama
187814,Documentary
187901,Music
188032,Animation
188032,Short
188138,Drama
188138,Thriller
188225,Documentary
188275,Crime
188275,Drama
188275,Thriller
188453,Drama
188504,Action
188504,Sci-Fi
188511,Action
188511,Comedy
188511,Crime
188511,Thriller
188551,Crime
188551,Drama
188551,Thriller
188558,Animation
188558,Short
188558,War
188583,Documentary
188614,Drama
188614,Sci-Fi
188614,Short
188615,Drama
188615,Thriller
188695,Drama
188695,Short
188696,Drama
188884,Documentary
189104,Drama
189125,Drama
189203,Comedy
189203,Crime
189240,Crime
189293,Comedy
189325,Drama
189462,Drama
189462,Short
189563,Comedy
189563,Romance
189593,Crime
189886,Drama
189886,Short
189982,Comedy
189982,Drama
190031,Documentary
190056,Action
190056,Drama
190082,Drama
190253,Crime
190253,Drama
190353,Documentary
190377,Short
190377,Thriller
190461,Drama
190463,Drama
190463,Short
190698,Drama
190745,Comedy
190834,Drama
190834,Short
190838,Drama
190838,Short
190859,Action
190859,Crime
190859,Drama
190859,Romance
190930,Drama
190951,Crime
190951,Drama
190994,Comedy
190994,Romance
191304,Adventure
191304,Documentary
191304,Family
191440,Thriller
191494,Drama
191494,Short
191553,Action
191553,Thriller
191576,Thriller
191649,Comedy
191677,Comedy
191677,Drama
191753,Animation
191753,Short
191816,Short
191882,Family
191985,Drama
191985,Short
192344,Adventure
192344,Family
192344,Fantasy
192349,Comedy
192349,Drama
192349,Music
192349,Romance
192442,Drama
192442,Short
192493,Documentary
192663,Documentary
192742,Documentary
192748,Comedy
192748,Drama
192748,Romance
192791,Documentary
192797,Action
192797,Drama
192797,Thriller
193170,Action
193170,Thriller
193253,Comedy
193253,Crime
193253,Thriller
193488,Drama
193504,Crime
193504,Drama
193504,Romance
193504,Thriller
193653,Action
193653,Short
193725,Action
193725,Adventure
193929,Thriller
194013,Drama
194084,Thriller
194086,Action
194086,Drama
194105,Drama
194171,Short
194228,Drama
194268,Comedy
194507,Short
194616,Comedy
194640,Thriller
194659,Thriller
194684,Drama
194687,Comedy
194687,Romance
194849,Action
194849,Adventure
194849,Sci-Fi
194956,Drama
194956,Thriller
194977,Adventure
194977,Family
194981,Adventure
194986,Short
194994,Adventure
194994,Sci-Fi
195112,Documentary
195112,Music
195133,Animation
195133,Short
195151,Documentary
195151,Music
195173,Documentary
195194,Drama
195194,Short
195272,Drama
195480,Comedy
195480,Short
195593,Drama
195619,Comedy
195619,Romance
195750,Short
195771,Drama
195788,Comedy
195788,Romance
195813,Comedy
195813,Drama
195835,Drama
196063,Comedy
196285,Drama
196285,Short
196345,Animation
196345,Comedy
196345,Short
196457,Horror
196549,Comedy
196549,Romance
196779,Drama
196779,Mystery
196833,Drama
196833,Thriller
196834,Comedy
196844,Fantasy
197001,Documentary
197001,Music
197108,Animation
197108,Family
197108,Short
197109,Animation
197109,Family
197109,Short
197324,Drama
197324,Mystery
197324,Romance
197379,Drama
197464,Comedy
197464,Drama
197493,Drama
197729,Comedy
197729,Drama
197808,Drama
197808,Musical
198001,Horror
198156,Comedy
198204,Drama
198204,Romance
198488,Music
198488,Short
198527,Drama
198605,Comedy
198605,Drama
198618,Documentary
198892,Drama
198897,Drama
198900,Drama
198912,Drama
199150,Comedy
199532,Action
199532,Comedy
199564,Comedy
199564,Family
199567,Animation
199567,Family
200235,Documentary
200235,Short
200390,Drama
200451,Drama
200451,Romance
200521,Drama
200699,Adventure
200699,Family
200699,Fantasy
200699,Romance
200875,Short
201327,Comedy
201331,Action
201331,Drama
201331,Romance
201851,Documentary
201904,Short
201940,Drama
201986,Drama
202063,Drama
202090,Drama
202472,Drama
202602,Drama
202732,Comedy
202732,Crime
202732,Drama
202732,Romance
202735,Drama
202735,War
202882,Documentary
202882,Short
203178,Action
203178,Adventure
203178,Drama
203179,Adventure
203313,Comedy
203358,Comedy
203358,Drama
203449,Drama
203449,Family
203449,Fantasy
203449,Romance
203489,Short
203503,Documentary
203642,Comedy
203642,Drama
203642,Romance
203643,Animation
203643,Drama
203643,Short
203969,Comedy
204642,Comedy
204674,Comedy
204684,Thriller
204730,Drama
204832,Adventure
204832,Animation
204832,Comedy
204832,Family
204832,Fantasy
204832,Musical
204926,Drama
204947,Drama
205000,Drama
205063,Drama
205071,Drama
205283,Comedy
205283,Short
205366,Drama
205552,Action
205552,Romance
206133,Documentary
206467,Comedy
206467,Romance
206483,Action
206483,Sci-Fi
206500,Comedy
206558,Comedy
206596,Comedy
206596,Romance
207052,Drama
207226,Animation
207226,Short
207376,Fantasy
207376,Musical
207376,Romance
207692,Comedy
207692,Romance
207858,Comedy
207858,Sci-Fi
207947,Comedy
207992,Action
207992,Sci-Fi
207992,Thriller
207995,Comedy
207996,Short
208235,Drama
208235,Romance
208243,Drama
208247,Documentary
208335,Comedy
208335,Drama
208525,Drama
208525,Sci-Fi
208952,Documentary
208984,Comedy
208984,Sci-Fi
208984,Short
208993,Drama
209061,Comedy
209591,Drama
209591,Fantasy
209591,Mystery
209591,Romance
209626,Romance
209638,Comedy
209715,Documentary
209715,Music
209726,Comedy
209726,Short
209752,Documentary
210014,Documentary
210120,Drama
210120,Romance
210121,Comedy
210151,Documentary
210204,Family
210204,Fantasy
210569,Action
210569,Comedy
210570,Horror
210758,Drama
210790,Action
210790,Drama
210840,Comedy
211025,Family
211358,Comedy
211362,Comedy
211382,Action
211382,Drama
211382,Thriller
211489,Comedy
211489,Romance
211508,Family
211658,Comedy
211698,Thriller
211757,Sci-Fi
211757,Short
211764,Drama
211764,Romance
211824,Drama
211824,War
211825,Action
211825,Comedy
211825,Drama
211825,Romance
211836,Documentary
211836,Music
211941,Drama
212384,Comedy
212547,Drama
212691,Crime
212691,Horror
212691,Mystery
212691,Thriller
212724,Comedy
212783,Short
212837,Comedy
212837,Crime
212837,Romance
213110,Action
213110,Adventure
213187,Action
213215,Action
213215,Animation
213215,Thriller
213299,Fantasy
213299,Romance
213324,Comedy
213324,Fantasy
213324,Music
213324,Romance
213380,Comedy
213380,Thriller
213431,Comedy
213431,Drama
213431,Romance
213466,Adventure
213466,Family
213466,Fantasy
213466,Thriller
213504,Action
213504,Comedy
213504,Drama
213530,Comedy
213530,Drama
213759,Comedy
213947,Comedy
213947,Drama
213947,Short
214003,Drama
214228,Horror
214236,Thriller
214293,Comedy
214359,Short
214416,Drama
214671,Action
214671,Horror
214767,Animation
214767,Short
214802,Drama
214802,Mystery
214872,Documentary
214873,Comedy
214873,Drama
214873,Western
215027,Drama
215234,Comedy
215234,Short
215251,Comedy
215251,Romance
215252,Comedy
215252,Romance
215274,Thriller
215349,Drama
215358,Comedy
215433,Comedy
215433,Romance
215563,Drama
215657,Comedy
215657,Drama
215657,Short
215767,Comedy
215767,Family
215812,Thriller
216137,Drama
216162,Horror
216162,Thriller
216194,Drama
216194,Romance
216215,Romance
216240,Crime
216240,Drama
216240,Romance
216486,Comedy
216486,Drama
216547,Documentary
216712,Comedy
216738,Documentary
216782,Action
216782,Thriller
216878,Adventure
216878,Comedy
216970,Horror
216970,Thriller
217042,Documentary
217042,Music
217079,Animation
217079,Comedy
217421,Comedy
217421,Drama
217421,Romance
217466,Drama
217486,Comedy
217488,Family
217728,Comedy
217728,Family
217850,Action
217850,Adventure
217850,Comedy
217932,Documentary
218109,Drama
218127,Adventure
218127,Animation
218163,Animation
218163,Short
218308,Comedy
218474,Action
218474,Crime
218474,Drama
218679,Comedy
218695,Action
218695,Adventure
218695,Fantasy
218695,Mystery
218738,Sci-Fi
219026,Animation
219026,Sci-Fi
219026,Short
219145,Animation
219145,Short
219194,Comedy
219194,Romance
219216,Short
219497,Comedy
219521,Documentary
219521,Drama
219521,Short
219610,Documentary
219610,Short
219721,Drama
219769,Comedy
219834,Fantasy
219834,Sci-Fi
219856,Drama
219859,Thriller
220216,Short
220244,Comedy
220244,Romance
220632,Comedy
220632,Short
220890,Documentary
221041,Horror
221041,Short
221343,Romance
221508,Drama
221637,Action
221637,Drama
221756,Comedy
221963,Comedy
221963,Sci-Fi
222071,Horror
222071,Thriller
222112,Adventure
222112,Animation
222112,Comedy
222112,Family
222112,Musical
222274,Animation
222274,Drama
222274,Short
222292,Comedy
222292,Drama
222339,Action
222339,Adventure
222339,Fantasy
222339,Horror
222400,Comedy
222400,Drama
222492,Comedy
222492,Family
222492,Sci-Fi
222633,Drama
222633,Mystery
222788,Action
222788,Sci-Fi
222861,Action
222861,Adventure
222861,Drama
222896,Documentary
222896,Short
222947,Comedy
223026,Romance
223084,Drama
223084,Music
223227,Adventure
223337,Drama
223349,Drama
223387,Short
223502,Comedy
223502,Short
223600,Comedy
223652,Comedy
223652,Drama
223762,Drama
223768,Comedy
223789,Animation
223789,Short
223858,Comedy
223858,Romance
223891,Drama
223891,Short
223898,Short
223909,Comedy
223909,Family
223909,Sci-Fi
223956,Crime
223956,Documentary
223956,Drama
223977,Comedy
223977,Drama
223984,Comedy
223996,Animation
223996,Family
223996,Short
224067,Documentary
224085,Comedy
224085,Drama
224153,Short
224176,Drama
224176,Romance
224351,Drama
224351,Horror
224351,Thriller
224539,Documentary
224539,Short
224691,Action
224691,Comedy
224691,Crime
224691,Fantasy
224820,Comedy
224835,Adventure
224835,Mystery
224936,Documentary
225121,Drama
225337,Short
225388,Animation
225388,Short
225461,Documentary
225520,Short
225687,Comedy
225687,Horror
225687,Short
225844,Comedy
225844,Romance
225876,Drama
225876,Romance
226132,Drama
226161,Documentary
226197,Short
226317,Drama
226435,Comedy
226477,Drama
226484,Thriller
226550,Drama
226791,Comedy
226791,Drama
226869,Comedy
226869,Documentary
226869,Short
226929,Drama
226974,Comedy
226974,Drama
226975,Comedy
226975,Short
226988,Documentary
226988,Short
227204,Drama
227204,Romance
227413,Horror
227413,Romance
227413,War
227463,Comedy
227605,Crime
227605,Drama
227911,Drama
228205,Short
228395,Horror
228925,Documentary
229176,Drama
229428,Action
229428,Drama
229428,Thriller
229754,Fantasy
229754,Short
230090,Drama
230090,Short
230130,Drama
230130,Short
230155,Short
230324,Comedy
230324,Romance
230503,Family
230503,Fantasy
230533,Action
230533,Thriller
230685,Comedy
230819,Adventure
230824,Comedy
230824,Short
230841,Comedy
230861,Action
230901,Documentary
230901,Short
230968,Comedy
230968,Drama
231078,Action
231078,Crime
231078,Drama
231078,Western
231118,Comedy
231118,Drama
231118,Romance
231230,Action
231230,Adventure
231230,Comedy
231230,Sci-Fi
231230,Thriller
231396,Comedy
231396,Romance
231479,Crime
231479,Drama
231479,Thriller
231550,Adventure
231550,Family
231550,Fantasy
231798,Comedy
231832,Thriller
231879,Comedy
231879,Short
231901,Short
231901,Thriller
232268,Drama
232268,Romance
232268,Thriller
232387,Short
232387,Thriller
232770,Documentary
232904,Comedy
232904,Drama
233058,Horror
233058,Mystery
233058,Thriller
233065,Drama
233336,Comedy
233336,Drama
233503,Comedy
233515,Action
233515,Crime
233515,Drama
233515,Thriller
233527,Adventure
233527,Drama
233676,Comedy
233676,Drama
233676,Romance
233782,Comedy
233782,Drama
233782,Family
233917,Comedy
233948,Comedy
233948,Drama
234040,Crime
234040,Drama
234044,Drama
234055,Comedy
234055,Drama
234055,Romance
234184,Family
234184,Mystery
234184,Short
234184,Thriller
234185,Action
234185,Thriller
234499,Horror
234499,Short
234508,Comedy
234508,Music
234546,Documentary
234664,Action
234664,Thriller
234733,Comedy
234927,Drama
234954,Drama
235264,Drama
235392,Romance
235412,Drama
235790,Comedy
235790,Drama
235790,Romance
235878,Comedy
236026,Comedy
236026,Thriller
236140,Action
236140,Crime
236140,Drama
236140,Thriller
236144,Drama
236169,Drama
236301,Drama
236512,Crime
236512,Short
237015,Documentary
237198,Comedy
237198,Drama
237198,Romance
237201,Drama
237291,Family
237386,Documentary
237392,Drama
237442,Comedy
237454,Animation
237454,Short
237485,Drama
237485,Short
237591,Comedy
237591,Drama
237591,Family
237612,Comedy
237612,Crime
237612,Drama
237783,Comedy
237783,Drama
237783,Romance
237991,Comedy
237991,Romance
238152,Drama
238161,Drama
238167,Crime
238167,Horror
238167,Musical
238167,Sci-Fi
238228,Comedy
238242,Short
238378,Drama
238382,Action
238382,Comedy
238382,Crime
238659,Short
238695,Comedy
238833,Adventure
238833,Drama
238833,War
239152,Action
239152,Drama
239200,Drama
239234,Short
239440,Drama
239496,Drama
239710,Animation
239710,Short
239773,Documentary
240105,Comedy
240105,Crime
240121,Comedy
240185,Documentary
240185,Short
240314,Action
240314,Adventure
240314,Drama
240314,Thriller
240322,Comedy
240428,Comedy
240485,Horror
240485,Short
240592,Comedy
240592,Romance
240694,Crime
240694,Drama
240694,Thriller
240831,Drama
240859,Documentary
240859,Drama
240865,Comedy
240865,Crime
241209,Documentary
241225,Drama
241291,Short
241308,Action
241308,Crime
241308,Drama
241405,Comedy
241517,Action
241517,Drama
241517,Romance
241517,War
241517,Western
241551,Romance
241650,Drama
241726,Comedy
241729,Comedy
241729,Short
241792,Action
241792,Crime
241799,Drama
241801,Documentary
241898,Drama
242044,Drama
242404,Comedy
242404,Short
242530,Short
242621,Comedy
242663,Action
242663,Comedy
242702,Comedy
242702,Short
242710,Action
242710,Short
242710,Thriller
242729,Action
242790,Comedy
242938,Comedy
243002,Short
243390,Drama
243390,Romance
243399,Animation
243399,Short
243587,Comedy
243587,Documentary
243629,Family
243629,Fantasy
243629,Romance
243667,Comedy
243667,Drama
243795,Short
243900,Drama
243900,Family
244041,Comedy
244066,Comedy
244353,Documentary
244421,Comedy
244421,Drama
244421,Romance
244567,Drama
244592,Drama
245020,Drama
245053,Action
245053,Short
245099,Drama
245103,Comedy
245103,Crime
245103,Drama
245103,Romance
245103,Thriller
245135,Drama
245179,Documentary
245217,Comedy
245265,Comedy
245326,Animation
245326,Short
245332,Action
245332,Adventure
245480,Drama
245507,Comedy
245507,Drama
245507,Romance
245761,Comedy
245761,Romance
245856,Crime
245856,Thriller
245888,Comedy
245888,Fantasy
245888,Short
245978,Comedy
245978,Short
245996,Comedy
246032,Comedy
246060,Comedy
246136,Action
246136,Romance
246272,Crime
246272,Drama
246530,Drama
246642,Fantasy
246642,Short
246695,Drama
246854,Drama
247101,Drama
247151,Comedy
247155,Drama
247155,Mystery
247155,Romance
247155,Thriller
247174,Comedy
247174,Drama
247248,Drama
247248,Romance
247301,Comedy
247301,Musical
247301,Short
247347,Drama
247347,Romance
247347,War
247494,Action
247494,Thriller
247558,Drama
247558,Short
247642,Comedy
247915,Comedy
247915,Drama
248020,Short
248020,Thriller
248055,Comedy
248056,Comedy
248085,Action
248085,Crime
248124,Short
248133,Comedy
248133,Drama
248136,Comedy
248136,Romance
248247,Documentary
248443,Documentary
248497,Short
248524,Documentary
248529,Short
248539,Documentary
248641,Drama
248660,Drama
248660,Thriller
248717,Comedy
248768,Drama
248768,Short
248878,Comedy
248878,Family
248878,Romance
248975,Documentary
248975,Drama
249249,Comedy
249249,Romance
249457,Comedy
249457,Crime
249559,Comedy
249559,Crime
249599,Documentary
249656,Drama
249671,Comedy
249681,Drama
249681,Romance
249691,Short
249713,Drama
249762,Documentary
250379,Action
250379,Drama
250379,Thriller
250402,Comedy
250402,Drama
250438,Short
250514,Comedy
250514,Drama
250664,Comedy
250664,Romance
250665,Documentary
250745,Action
250745,Thriller
250831,Drama
250831,Short
251011,Adventure
251011,Comedy
251011,Family
251012,Documentary
251028,Short
251032,Drama
251032,Family
251109,Drama
251156,Crime
251156,Drama
251239,Crime
251239,Drama
251239,Thriller
251380,Documentary
251529,Drama
251548,Drama
251599,Comedy
251646,Comedy
251776,Short
252079,Comedy
252079,Drama
252293,Comedy
252293,Short
252524,Comedy
252524,Horror
252537,Drama
252571,Comedy
252571,Drama
252808,Comedy
252808,Romance
252812,Drama
252812,Romance
252877,Comedy
252877,Thriller
252925,Thriller
252974,Comedy
253171,Animation
253171,Drama
253171,Short
253227,Comedy
253227,Drama
253227,Romance
253263,Comedy
253423,Short
253510,Romance
253514,Documentary
253514,Short
253520,Short
253652,Documentary
253711,Comedy
253862,Short
253864,Drama
254014,Comedy
254066,Drama
254116,Short
254145,Drama
254145,Family
254243,Comedy
254243,Family
254281,Animation
254281,Family
254316,Sci-Fi
254416,Horror
254416,Sci-Fi
254439,Drama
254439,War
254589,Horror
254589,Thriller
254643,Short
254761,Crime
254761,Drama
254942,Comedy
254943,Sci-Fi
254943,Thriller
254987,Drama
255021,Drama
255043,Animation
255043,Comedy
255043,Short
255106,Short
255112,Drama
255112,War
255578,Documentary
255578,Short
255682,Comedy
255696,Comedy
255748,Drama
255766,Drama
255766,Romance
255766,War
255796,Drama
255806,Short
256075,Documentary
256088,Comedy
256347,Animation
256347,Short
256498,Animation
256498,Family
256645,Comedy
256645,Short
256878,Comedy
256962,Drama
256972,Drama
257054,Documentary
257058,Drama
257114,Crime
257114,Drama
257121,Crime
257121,Mystery
257121,Thriller
257307,Sci-Fi
257522,Comedy
257522,Drama
257685,Short
257696,Comedy
257696,Drama
257744,Drama
257744,Romance
257922,Comedy
257922,Drama
257922,Fantasy
257980,Documentary
257980,Short
257990,Short
258079,Sci-Fi
258092,Short
258133,Drama
258133,Thriller
258230,Animation
258230,Sci-Fi
258230,Short
258305,Action
258305,Adventure
258305,Drama
258314,Drama
258341,Drama
258341,Romance
258416,Short
258844,Adventure
258844,Drama
258844,Family
258869,Action
258869,Thriller
259033,Animation
259033,Comedy
259033,Short
259097,Adventure
259097,Animation
259097,Family
259097,Sci-Fi
259128,Drama
259128,Romance
259208,Comedy
259360,Comedy
259360,Drama
259843,Comedy
259862,Comedy
259862,Short
260161,Drama
260161,Romance
260277,Documentary
260280,Documentary
260288,Comedy
260288,Short
260305,Short
260407,Short
260416,Drama
260569,Comedy
260626,Animation
260626,Short
260871,Documentary
261055,Short
261212,Comedy
261212,Crime
261240,Adventure
261240,Fantasy
261240,Short
261454,Comedy
261454,Drama
261478,Crime
261478,Drama
261504,Short
261509,Comedy
261509,Thriller
261570,Thriller
261735,Comedy
261735,Thriller
261839,Comedy
261944,Comedy
261977,Thriller
262261,Drama
262261,Fantasy
262261,Mystery
262261,Romance
262281,Drama
262281,Romance
262348,Drama
262655,Comedy
262718,Documentary
262718,Short
263089,Drama
263218,Horror
263218,Thriller
263237,Comedy
263439,Drama
263707,Drama
263733,Comedy
263755,Comedy
263755,Drama
263814,Drama
263860,Comedy
263861,Drama
263974,Comedy
263974,Romance
264041,Animation
264041,Drama
264041,Family
264041,Musical
264363,Documentary
264434,Action
264434,Adventure
264434,Comedy
264434,Sci-Fi
264451,Comedy
264463,Thriller
265069,Drama
265272,Drama
265516,Horror
265516,Sci-Fi
265833,Comedy
265873,Thriller
265876,Action
265898,Drama
265898,Romance
265917,Comedy
265917,Crime
266026,Crime
266026,Documentary
266052,Action
266053,Action
266065,Animation
266065,Short
266166,Action
266166,Drama
266380,Drama
266542,Short
266575,Horror
266575,Thriller
266586,Short
266702,Documentary
266748,Drama
266748,Short
266953,Animation
266953,Short
267228,Documentary
267373,Family
267373,Short
267393,Drama
267397,Comedy
267412,Drama
267412,War
267444,Crime
267444,Drama
267444,Thriller
267453,Thriller
267653,Drama
267671,Comedy
267874,Short
268033,Horror
268033,Short
268033,Thriller
268093,Drama
268093,Romance
268093,Thriller
268233,Animation
268233,Drama
268233,Romance
268233,Short
268540,Comedy
268540,Drama
268540,Family
268557,Comedy
268558,Drama
268658,Comedy
268810,Short
268945,Drama
269070,Drama
269127,Comedy
269127,Crime
269225,Comedy
269402,Animation
269402,Short
269407,Comedy
269407,Short
269507,Drama
269507,Romance
269588,Sci-Fi
269588,Short
269590,Adventure
269590,Animation
269590,Family
269590,Fantasy
269680,Thriller
269712,Drama
269742,Drama
269754,Animation
269754,Comedy
269754,Sci-Fi
269754,Short
270253,Documentary
270278,Animation
270278,Short
270362,Adventure
270362,Animation
270362,Comedy
270362,Fantasy
270362,Short
270586,Drama
270691,Drama
270889,Horror
270896,Drama
270922,Action
270922,Drama
270922,Horror
270933,Horror
270933,Thriller
270975,Comedy
271199,Documentary
271208,Comedy
271208,Short
271355,Action
271360,Drama
271360,Romance
271607,Comedy
271607,Romance
271628,Drama
271630,Drama
271630,Thriller
271696,Comedy
271696,Short
271862,Short
272020,Action
272020,Crime
272022,Crime
272022,Thriller
272026,Drama
272026,Romance
272044,Crime
272044,Drama
272055,Drama
272194,Drama
272476,Horror
272476,Thriller
272482,Animation
272482,Documentary
272482,Drama
272640,Drama
272641,Drama
272648,Drama
272821,Short
272878,Short
272881,Comedy
272881,Drama
272881,Horror
272881,Thriller
272881,War
272881,Western
272928,Short
273077,Horror
273082,Short
273178,Comedy
273178,Drama
273250,Action
273250,Drama
273250,Thriller
273316,Comedy
273333,Adventure
273333,Family
273341,Documentary
273341,Music
273566,Crime
273566,Drama
273942,Comedy
273967,Thriller
274184,Drama
274184,Short
274373,Thriller
274435,Thriller
274721,Sci-Fi
274721,Short
274721,Thriller
274973,Documentary
275308,Comedy
275360,Comedy
275360,Drama
275471,Drama
275530,Short
275564,Horror
275719,Action
275719,Thriller
275836,Drama
275870,Action
275870,Thriller
276075,Drama
276092,Thriller
276096,Drama
276096,Romance
276309,Drama
276335,Drama
276352,Comedy
276352,Romance
276385,Comedy
276398,Action
276398,Thriller
276404,Drama
276426,Crime
276426,Horror
276426,Thriller
276430,Drama
276430,Thriller
276610,Adventure
276610,Fantasy
276610,Horror
276610,Romance
276875,Drama
276875,Romance
276875,Thriller
276910,Documentary
276955,Drama
277010,Action
277010,Drama
277010,Horror
277010,Thriller
277123,Comedy
277175,Drama
277175,Short
277217,Comedy
277217,Drama
277339,Thriller
277340,Comedy
277446,Drama
277446,Romance
277613,Documentary
277686,Documentary
277686,Short
277763,Animation
277763,Comedy
277763,Short
277803,Drama
277850,Comedy
277909,Drama
277909,Romance
277909,Western
278151,Comedy
278151,Drama
278153,Drama
278153,Romance
278366,Comedy
278366,Crime
278435,Horror
278526,Comedy
278547,Horror
278547,Mystery
278547,Thriller
278549,Horror
278549,Mystery
278580,Drama
278832,Comedy
278832,Drama
278882,Comedy
278882,Drama
279022,Crime
279022,Drama
279022,Short
279168,Drama
279207,Comedy
279207,Drama
279271,Drama
279318,Animation
279318,Comedy
279318,Short
279329,Action
279329,Comedy
279329,Drama
279383,Documentary
279383,Short
279385,Documentary
279593,Short
279692,Drama
279736,Action
279736,Adventure
279736,Short
279891,Animation
279996,Comedy
279996,Horror
280078,Comedy
280091,Documentary
280285,Animation
280285,Comedy
280285,Short
280453,Short
280478,Crime
280478,Drama
280478,Thriller
280666,Drama
281059,Action
281281,Short
281334,Action
281334,Crime
281334,Thriller
281988,Thriller
282015,Drama
282035,Drama
282163,Short
282452,Drama
282534,Drama
282772,Comedy
282823,Action
282823,Comedy
282823,Thriller
282844,Short
282888,Comedy
282888,Drama
282888,Short
283104,Animation
283104,Comedy
283104,Family
283145,Drama
283145,War
283187,Comedy
283187,Short
283198,Short
283221,Comedy
283221,Family
283221,Romance
283410,Comedy
283410,Romance
283497,Crime
283497,Drama
283497,Thriller
283530,Adventure
283530,Drama
283530,Family
283622,Action
283622,Animation
283622,Comedy
283712,Action
283712,Comedy
283712,Crime
283712,Thriller
283739,Comedy
283739,Romance
284176,Documentary
284331,Drama
284355,Drama
284511,Action
284511,Drama
284511,Thriller
284552,Comedy
284678,Drama
284730,Horror
284986,Documentary
284986,Short
285048,Documentary
285101,Drama
285227,Comedy
285308,Drama
285308,Short
285310,Comedy
285318,Comedy
285332,Drama
285332,Short
285695,Fantasy
285695,Horror
285695,Thriller
285947,Action
285968,Short
286040,Drama
286040,Short
286066,Short
286104,Drama
286435,Short
286441,Drama
286469,Drama
286626,Action
286626,Comedy
286626,Mystery
286626,Thriller
286978,Horror
286978,Thriller
286979,Action
286988,Romance
286998,Comedy
286998,Romance
287088,Drama
287157,Thriller
287392,Crime
287392,Thriller
287560,Drama
287560,Romance
287839,Drama
287882,Documentary
287958,Drama
288242,Action
288242,Adventure
288264,Musical
288264,Romance
288264,Short
288301,Drama
288417,Action
288417,Comedy
288420,Comedy
288751,Drama
288751,Thriller
288766,Crime
289098,Adventure
289098,Comedy
289098,Drama
289098,Romance
289109,Action
289109,Drama
289109,War
289112,Comedy
289112,Short
289112,War
289128,Drama
289128,War
289193,Drama
289265,Comedy
289265,Romance
289325,Drama
289427,Comedy
289427,Drama
289490,Thriller
289564,Action
289564,Comedy
289564,Thriller
289634,Drama
289656,Documentary
289656,Short
290140,Action
290140,Drama
290438,Crime
290438,Drama
290440,Comedy
290440,Romance
290719,Short
290746,Short
290924,Comedy
290924,Short
291001,Action
291001,Crime
291001,Thriller
291046,Drama
291095,Comedy
291095,Short
291123,Comedy
291123,Short
291165,Drama
291165,Family
291421,Comedy
291421,Short
291466,Comedy
291466,Short
291576,Short
291612,Comedy
291876,Drama
292115,Action
292115,Adventure
292115,Sci-Fi
292115,Thriller
292138,Drama
292150,Comedy
292162,Short
292270,Comedy
292388,Crime
292388,Drama
292444,Adventure
292444,Sci-Fi
292457,Comedy
292539,Adventure
292539,Family
292539,Fantasy
292579,Thriller
292596,Drama
292766,Thriller
292815,Drama
292850,Drama
293014,Drama
293014,Romance
293316,Comedy
293373,Drama
293629,Drama
294036,Comedy
294165,Drama
294165,Romance
294236,Comedy
294236,Romance
294315,Documentary
294722,Documentary
294762,Documentary
294796,Comedy
294796,Crime
294828,Comedy
294828,Drama
294896,Comedy
294896,Musical
295194,Comedy
295210,Drama
295210,Thriller
295320,Comedy
295320,Romance
295425,Short
295702,Animation
295702,Short
295722,Sci-Fi
295724,Sci-Fi
295726,Mystery
295727,Drama
295728,Drama
295826,Comedy
296053,Documentary
296055,Documentary
296154,Comedy
296154,Drama
296510,Action
296510,Adventure
296510,Comedy
296582,Action
296582,Drama
296582,Thriller
296629,Romance
296629,Thriller
296666,Drama
296671,Comedy
296671,Drama
296727,Documentary
296729,Horror
296765,Action
296765,Sci-Fi
296771,Animation
296771,Comedy
296771,Short
296785,Mystery
296785,Thriller
296972,Drama
297115,Comedy
297115,Drama
297115,Romance
297233,Comedy
297233,Short
297242,Thriller
297299,Horror
297321,Adventure
297558,Adventure
297558,Family
297635,Horror
297635,Mystery
297635,Thriller
297641,Action
297775,Thriller
298075,Documentary
298075,Horror
298075,Short
298076,Comedy
298076,Romance
298119,Comedy
298252,Drama
298252,Romance
298308,Action
298308,Thriller
298406,Comedy
298406,Crime
298406,Drama
298406,Horror
298479,Drama
298836,Horror
298853,Drama
298853,Family
298853,Fantasy
299074,Comedy
299074,Horror
299533,Documentary
299534,Comedy
299534,Drama
299550,Comedy
299550,Romance
299550,Short
299561,Action
299637,Action
299637,Crime
299637,Drama
299637,Thriller
299819,Comedy
299819,Drama
299819,Short
299899,Drama
299899,Short
299899,War
300085,Documentary
300096,Comedy
300096,Drama
300341,Comedy
300341,Short
300350,Adventure
300350,Sci-Fi
300425,Comedy
300425,Drama
300594,Action
300594,Adventure
300594,Animation
300594,Comedy
300594,Drama
300594,Fantasy
300660,Drama
300772,Comedy
300791,Comedy
300791,Drama
300801,Comedy
300810,Drama
300810,Romance
300834,Drama
300913,Comedy
301028,Horror
301028,Mystery
301048,Drama
301059,Short
301077,Action
301077,Drama
301077,Thriller
301088,Documentary
301148,Short
301161,Short
301271,Comedy
301342,Comedy
301342,Romance
301511,Animation
301511,Short
301557,Action
301705,Short
301806,Action
301806,Drama
301806,Thriller
301887,Comedy
301887,Drama
301889,Horror
301909,Comedy
301909,Drama
302030,Family
302038,Short
302053,Comedy
302053,Drama
302130,Comedy
302130,Drama
302143,Fantasy
302143,Mystery
302143,Romance
302145,Drama
302150,Action
302150,Comedy
302184,Comedy
302185,Comedy
302185,Crime
302185,Drama
302203,Drama
302203,Short
302221,Crime
302221,Drama
302221,Thriller
302256,Comedy
302256,Romance
302303,Family
302358,Horror
302358,Mystery
302358,Thriller
302386,Animation
302386,Comedy
302386,Drama
302386,Short
302458,Adventure
302481,Drama
302481,Short
302575,Drama
302600,Documentary
302634,Drama
302634,Romance
302634,Thriller
302772,Comedy
302772,Short
303002,Documentary
303097,Drama
303097,Romance
303150,Drama
303195,Crime
303195,Thriller
303334,Comedy
303334,Drama
303334,Thriller
303445,Documentary
303447,Action
303447,Adventure
303447,Comedy
303447,Romance
303537,Action
303537,Adventure
303537,Sci-Fi
303563,Short
303564,Drama
303564,Mystery
303564,Thriller
303649,Drama
303664,Mystery
303664,Thriller
303748,Drama
303748,Short
304360,Sci-Fi
304360,Thriller
304477,Drama
304499,Documentary
304535,Comedy
304642,Comedy
304691,Comedy
304691,Drama
304712,Drama
304747,Drama
304770,Comedy
304770,Short
304795,Sci-Fi
304797,Drama
304862,Horror
304862,Mystery
304862,Thriller
304947,Drama
304948,Comedy
304948,Drama
304948,Romance
304999,Animation
304999,Short
305074,Drama
305074,Romance
305157,Comedy
305157,Short
305244,Comedy
305244,Drama
305250,Short
305305,Documentary
305379,Action
305379,Adventure
305379,Comedy
305379,Sci-Fi
305694,Comedy
305694,Drama
305891,Animation
305891,Short
305920,Crime
305920,Mystery
305920,Thriller
305988,Drama
306083,Action
306083,Family
306132,Action
306132,Crime
306132,Drama
306221,Comedy
306221,Romance
306226,Drama
306500,Comedy
306500,Romance
306517,Documentary
306601,Short
306701,Comedy
306701,Drama
306701,Romance
306718,Animation
306718,Short
306721,Comedy
306721,Drama
306721,Family
306751,Comedy
306779,Animation
306926,Short
306934,Drama
306974,Drama
306974,Fantasy
307001,Comedy
307001,Drama
307018,Comedy
307163,Comedy
307163,Drama
307163,Family
307174,Drama
307174,Music
307189,Action
307189,Animation
307189,Sci-Fi
307244,Adventure
307244,Animation
307244,Comedy
307244,Family
307277,Drama
307351,Action
307351,Sci-Fi
307352,Action
307352,Drama
307352,Mystery
307352,Thriller
307380,Drama
307389,Comedy
307389,Drama
307389,Short
307397,Drama
307397,War
307651,Crime
307651,Romance
307651,Thriller
307687,Drama
307687,Romance
307696,Drama
307696,Short
307778,Comedy
307778,Drama
307810,Drama
307840,Drama
307886,Comedy
307886,Drama
307886,Romance
307934,Documentary
308032,Short
308083,Comedy
308083,Romance
308097,Drama
308148,Horror
308173,Comedy
308173,Drama
308679,Drama
308679,Thriller
308779,Action
308824,Comedy
308824,Romance
308886,Comedy
308963,Sci-Fi
308995,Action
308995,Drama
308995,Musical
308995,Romance
309061,Drama
309061,Thriller
309213,Comedy
309213,Horror
309468,Drama
309468,Short
309638,Drama
309661,Comedy
309730,Drama
309730,Thriller
309867,Animation
309867,Comedy
309867,Musical
309905,Action
309905,Thriller
309916,Comedy
309916,Romance
309923,Drama
309941,Drama
309945,Documentary
310198,Comedy
310198,Short
310302,Drama
310320,Crime
310320,Drama
310428,Short
310537,Documentary
310581,Comedy
310581,Romance
310648,Horror
310648,Sci-Fi
310648,Thriller
310801,Drama
310955,Short
310957,Sci-Fi
310957,Thriller
310983,Documentary
310983,Music
311194,Comedy
311245,Short
311477,Comedy
311529,Drama
311599,Comedy
311599,Family
311681,Comedy
311681,Crime
311746,Short
311935,Action
311935,Animation
311935,Sci-Fi
311979,Drama
312035,Comedy
312035,Romance
312035,Short
312564,Drama
312600,Drama
312850,Drama
312964,Short
313019,Documentary
313087,Drama
313129,Drama
313129,Thriller
313129,War
313130,Action
313130,Adventure
313130,Crime
313130,Drama
313130,Thriller
313150,Documentary
313158,Short
313182,Comedy
313182,Romance
313345,Action
313345,Adventure
313345,Drama
313345,Mystery
313345,Thriller
313345,War
313357,Sci-Fi
313390,Animation
313390,Comedy
313390,Sci-Fi
313390,Short
313397,Action
313397,Adventure
313397,Sci-Fi
313397,Short
313423,Action
313423,Adventure
313423,Drama
313423,Romance
313423,Sci-Fi
313474,Action
313474,Adventure
313474,Sci-Fi
313568,Drama
313568,Sci-Fi
313599,Sci-Fi
313608,Comedy
313608,Sci-Fi
313608,Short
313756,Comedy
313830,Drama
313938,Drama
313939,Drama
313939,Short
314326,Short
314459,Comedy
314459,Drama
314531,Drama
314577,Short
314729,Comedy
314745,Drama
314745,Fantasy
314745,Horror
314745,Mystery
314745,Thriller
314779,Comedy
314779,Music
314779,Romance
314821,Documentary
314821,Short
314953,Animation
314953,Comedy
314953,Short
314965,Horror
314965,Mystery
314965,Thriller
315000,Family
315238,Drama
315363,Short
315414,Short
315502,Thriller
315512,Action
315512,Crime
315512,Thriller
315512,War
315544,Action
315544,Drama
315621,Comedy
315662,Documentary
315747,Comedy
315747,Drama
315747,Romance
315876,Comedy
315876,Short
315893,Action
315893,Crime
315893,Drama
315893,Thriller
315896,Adventure
315896,Drama
315938,Comedy
315938,Drama
316140,Comedy
316140,Romance
316171,Horror
316171,Thriller
316209,Thriller
316238,Comedy
316238,Thriller
316287,Thriller
316513,Thriller
316514,Drama
316558,Short
316795,Action
316875,Drama
316875,Thriller
316957,Action
316961,Comedy
316981,Thriller
316998,Thriller
316999,Drama
316999,Romance
317193,Drama
317260,Comedy
317261,Adventure
317261,Comedy
317261,Family
317261,Fantasy
317462,Comedy
317512,Crime
317512,Drama
317512,Short
317624,Comedy
317624,Short
317765,Action
317765,Crime
317765,Drama
317765,Horror
317812,Thriller
317814,Short
317876,Horror
317945,Comedy
317945,Drama
318108,Comedy
318110,Comedy
318127,Documentary
318212,Drama
318212,Musical
318212,Romance
318315,Comedy
318315,Drama
318315,Romance
318370,Comedy
318370,Music
318464,Comedy
318510,Comedy
318763,Action
318763,Drama
318763,Horror
318763,Romance
318768,Drama
318768,Family
318848,Short
318967,Comedy
318967,Drama
319002,Drama
319002,Short
319050,Short
319168,Animation
319168,Documentary
319168,Short
319239,Drama
319404,Comedy
319682,Comedy
319711,Short
319937,Drama
319941,Documentary
319987,Animation
319987,Comedy
319987,Short
320033,Drama
320065,Short
320209,Comedy
320209,Crime
320209,Thriller
320698,Comedy
320756,Comedy
320756,Romance
320789,Comedy
320789,Horror
320801,Adventure
320801,Animation
320801,Family
320801,Fantasy
320926,Animation
320926,Short
321097,Action
321126,Comedy
321126,Drama
321126,Music
321222,Drama
321260,Comedy
321260,Romance
321322,Horror
321322,Short
321482,Comedy
321563,Short
321596,Action
321596,Romance
321596,Thriller
321634,Drama
321634,Romance
321634,Short
321918,Documentary
322104,Drama
322287,Drama
322293,Drama
322293,Romance
322293,Short
322371,Comedy
322396,Drama
322418,Drama
322418,Mystery
322418,Thriller
322504,Comedy
322608,Adventure
322635,Action
322696,Musical
322696,Romance
322728,Short
322755,Thriller
322833,Comedy
322844,Short
322885,Fantasy
322908,Crime
322908,Drama
322908,Romance
322913,Drama
322926,Short
323148,Action
323148,Comedy
323148,Drama
323226,Comedy
323226,Thriller
323344,Documentary
323400,Short
323501,Drama
323542,Action
323542,Comedy
323659,Mystery
323738,Crime
323738,Drama
323748,Adventure
323748,Fantasy
323748,Horror
323748,Sci-Fi
323751,Short
323813,Crime
323813,Drama
323813,Mystery
323813,Thriller
323928,Horror
323961,Drama
324164,Documentary
324502,Drama
324502,Musical
324579,Short
324898,Drama
325098,Adventure
325098,Animation
325098,Family
325113,Action
325113,Adventure
325113,Fantasy
325286,Comedy
325286,Short
326068,Drama
326122,Action
326122,Comedy
326229,Comedy
326229,Drama
326229,Fantasy
326230,Action
326230,Comedy
326230,Crime
326230,Thriller
326383,Comedy
326383,Drama
326383,War
326442,Comedy
326442,Thriller
326478,Drama
326478,Short
326491,Short
326536,Drama
326597,Comedy
326679,Fantasy
326712,Comedy
326712,Fantasy
326823,Action
327020,Action
327020,Comedy
327020,Thriller
327237,Horror
327237,Thriller
327307,Comedy
327307,Drama
327307,Romance
327367,Action
327474,Short
327487,Drama
327487,Romance
327521,Comedy
327521,Drama
327577,Drama
327620,Drama
327620,Romance
327802,Animation
327802,Drama
327802,Fantasy
327802,Romance
327802,Sci-Fi
327803,Action
327803,Animation
327803,Comedy
327803,Sci-Fi
328127,Comedy
328127,Thriller
328273,Drama
328294,Drama
328321,Drama
328573,Comedy
328573,Horror
328573,Sci-Fi
328638,Drama
328891,Comedy
328891,Drama
328920,Drama
329088,Comedy
329088,Drama
329088,Fantasy
329088,War
329167,Comedy
329221,Action
329221,Crime
329221,Drama
329221,Thriller
329464,Comedy
329464,Crime
329464,Short
329513,Animation
329513,Short
329917,Comedy
329917,Drama
329917,Romance
330019,Comedy
330057,Comedy
330057,Romance
330146,Drama
330271,Crime
330271,Drama
330281,Drama
330334,Crime
330334,Drama
330358,Comedy
330386,Comedy
330388,Action
330388,Drama
330388,War
330530,Drama
330570,Action
330570,Drama
330570,Thriller
330610,Mystery
330610,Sci-Fi
330610,Thriller
330757,Short
330771,Drama
330771,Romance
330799,Drama
330957,Comedy
330957,Drama
330957,Romance
330999,Comedy
330999,Crime
330999,Romance
330999,Thriller
331210,Drama
331275,Drama
331338,Documentary
331338,Music
331427,Action
331427,Adventure
331427,Comedy
331427,Drama
331427,War
331595,Drama
331664,Comedy
331664,Romance
331743,Animation
331743,Short
331849,Thriller
331964,Documentary
331965,Comedy
331993,Comedy
331993,Short
332134,Action
332134,Adventure
332146,Action
332146,Crime
332146,Thriller
332148,Drama
332148,Short
332312,Drama
332312,Romance
332312,War
332344,Drama
332376,Drama
332470,Short
332747,Comedy
332773,Action
332846,Drama
332899,Animation
332899,Short
333192,Sci-Fi
333327,Drama
333327,Thriller
333529,Drama
333670,Short
333695,Drama
333768,Short
333868,Drama
334008,Drama
334008,Horror
334010,Drama
334010,Horror
334125,Animation
334125,Short
334190,Comedy
334190,Romance
334318,Short
334382,Adventure
334432,Animation
334649,Short
334678,Comedy
334678,Drama
334729,Horror
334729,Thriller
334910,Comedy
334910,Thriller
335155,Adventure
335155,Family
335155,Fantasy
335268,Horror
335338,Comedy
335363,Comedy
335497,Action
335497,Adventure
335497,Comedy
335497,Crime
335715,Comedy
335715,Drama
335715,Fantasy
335863,Comedy
335863,Sci-Fi
335942,Short
335965,Documentary
335982,Comedy
335982,Drama
335982,Music
335989,Fantasy
336086,Music
336157,Comedy
336157,Drama
336157,Short
336217,Drama
336242,Comedy
336242,Documentary
336242,Short
336267,Action
336267,Comedy
336267,Thriller
336577,Animation
336577,Family
336745,Drama
336745,Romance
336938,Animation
336938,Short
336954,Comedy
337130,Comedy
337130,Horror
337145,Short
337165,Comedy
337165,Short
337168,Animation
337168,Comedy
337168,Family
337168,Fantasy
337299,Action
337299,Thriller
337431,Comedy
337685,Comedy
337742,Comedy
337742,Drama
337742,Romance
337742,War
337779,Drama
337779,War
337849,Action
337862,Comedy
337862,Drama
337865,Drama
337988,Horror
338023,Drama
338233,Comedy
338233,Family
338276,Drama
338276,Thriller
338345,Drama
338546,Short
338571,Short
338789,Drama
338805,Family
338854,Comedy
338909,Short
338922,Adventure
339022,Drama
339046,Drama
339046,War
339268,Documentary
339325,Comedy
339544,Comedy
339544,Romance
339593,Comedy
339593,Short
339799,Comedy
339855,Drama
339937,Comedy
340053,Action
340266,Documentary
340305,Drama
340334,Comedy
340334,Sci-Fi
340334,Short
340562,Drama
340613,Horror
340728,Short
340759,Short
340765,Crime
340765,Drama
340765,Thriller
340775,Drama
340866,Short
340901,Comedy
340901,Drama
340901,Sci-Fi
340991,Short
341077,Comedy
341159,Family
341202,Drama
341202,Family
341237,Drama
341326,Drama
341390,Drama
341415,Short
341431,Comedy
341431,Drama
341431,Short
341505,Action
341505,Crime
341505,Thriller
341519,Comedy
341594,Short
341669,Comedy
341669,Short
341680,Drama
341896,Comedy
341896,Short
341997,Documentary
341997,Short
342033,Short
342118,Comedy
342147,Comedy
342147,Drama
342147,Romance
342481,Crime
342481,Drama
342481,Mystery
342481,Thriller
342537,Drama
342616,Thriller
342871,Short
342908,Comedy
342908,Crime
342908,Drama
342908,Thriller
343031,Comedy
343031,Romance
343200,Comedy
343200,Romance
343200,Short
343237,Comedy
343248,Action
343248,Drama
343248,Romance
343319,Comedy
343319,Drama
343421,Drama
343421,Romance
343433,Drama
343647,Romance
343688,Thriller
343720,Drama
343822,Comedy
343907,Action
343907,Crime
343907,Drama
343907,Thriller
344182,Comedy
344182,Short
344593,Drama
344717,Drama
344823,Adventure
344823,Family
344848,Short
344964,Action
345016,Drama
345016,Romance
345190,Drama
345246,Comedy
345437,Drama
345437,Romance
345478,Drama
345483,Short
345496,Documentary
345689,Drama
345856,Action
345929,Documentary
345929,Music
346005,Drama
346005,Romance
346062,Drama
346062,Romance
346143,Drama
346143,Sci-Fi
346209,Drama
346222,Comedy
346222,Drama
346250,Thriller
346280,Comedy
346314,Comedy
346465,Action
346465,Adventure
346465,Comedy
346465,Drama
346646,Comedy
346657,Drama
346657,Romance
346669,Drama
346730,Comedy
346916,Documentary
346916,Short
347101,Drama
347101,Thriller
347244,Action
347244,Adventure
347244,Sci-Fi
347302,Documentary
347327,Drama
347573,Thriller
347599,Horror
347769,Drama
347848,Short
348198,Drama
348219,Comedy
348598,Crime
348598,Horror
348598,Thriller
348599,Drama
348607,Horror
348607,Mystery
348607,Thriller
348611,Crime
348670,Documentary
348776,Adventure
348776,Sci-Fi
349203,Documentary
349283,Animation
349283,Short
349291,Comedy
349291,Drama
349438,Drama
349446,Action
349446,Drama
349505,Documentary
349505,Short
349535,Comedy
349896,Drama
349905,Comedy
349905,Short
349942,Comedy
350040,Documentary
350134,Comedy
350134,Short
350208,Comedy
350208,Drama
350208,Fantasy
350208,Horror
350208,Romance
350235,Action
350235,Horror
350281,Comedy
350281,Horror
350351,Crime
350351,Drama
350351,Horror
350351,Mystery
350351,Sci-Fi
350351,Short
350351,Thriller
350434,Drama
350700,Drama
351410,Comedy
351410,Romance
351431,Drama
351431,Music
351480,Comedy
351494,Drama
351688,Action
351688,Thriller
351773,Drama
351818,Drama
351896,Sci-Fi
351896,Short
351908,Comedy
351976,Drama
351989,Drama
352052,Short
352131,Drama
352131,Short
352216,Drama
352216,Romance
352517,Crime
352517,Drama
352554,Drama
352595,Comedy
352595,Short
352684,Comedy
352684,Thriller
352822,Comedy
353056,Comedy
353056,Romance
353082,Comedy
353168,Drama
353278,Drama
353278,Short
353406,Drama
353406,Short
353436,Family
353436,Short
353464,Drama
353504,Horror
353605,Drama
353908,Comedy
353926,Drama
353935,Documentary
353950,Drama
353960,Animation
353960,Comedy
353960,Short
354048,Comedy
354048,Drama
354102,Horror
354102,Short
354181,Comedy
354181,Horror
354246,Drama
354518,Animation
354518,Short
354563,Action
354563,Comedy
354563,Crime
354590,Short
354765,Drama
354769,Comedy
354861,Action
354861,Horror
354936,Drama
354936,Music
354936,Mystery
354936,Romance
355065,Drama
355065,Mystery
355154,Sci-Fi
355184,Comedy
355184,Drama
355233,Action
355233,Horror
355233,Sci-Fi
355233,Thriller
355488,Drama
355661,Comedy
355893,Action
355893,Thriller
355962,Drama
355964,Documentary
355964,Short
356362,Comedy
356466,Drama
356508,Drama
356521,Drama
356566,Drama
356566,Mystery
356617,Short
356785,Comedy
356785,Short
356868,Crime
356868,Drama
357093,Comedy
357107,Drama
357344,Drama
357344,War
357392,Drama
357436,Drama
357516,Adventure
357594,Comedy
357594,Crime
357612,Comedy
357779,Drama
357779,Short
358023,Thriller
358079,Documentary
358145,Short
358322,Documentary
358352,Comedy
358352,Drama
358352,Short
358358,Comedy
358473,Short
358478,Comedy
358569,Comedy
358569,Romance
358581,Drama
358581,Romance
358634,Drama
358674,Drama
358947,Drama
359087,Drama
359087,Thriller
359348,Documentary
359349,Drama
359563,Short
359704,Comedy
359901,Crime
359901,Mystery
359901,Short
359901,Thriller
359908,Horror
359908,Sci-Fi
359939,Short
359958,Thriller
359972,Drama
359972,Mystery
359972,Short
360027,Comedy
360087,Drama
360148,Short
360176,Thriller
360313,Drama
360511,Comedy
360511,Documentary
360723,Comedy
360723,Music
360723,Romance
360821,Short
360830,Comedy
360830,Drama
360852,Action
360852,Thriller
360868,Short
360907,Drama
360914,Short
360953,Drama
360953,Thriller
361066,Comedy
361179,Action
361179,Comedy
361427,Drama
361507,Drama
361507,Romance
361546,Horror
361562,Action
361562,Animation
361562,Comedy
361592,Drama
362025,Comedy
362152,Drama
362188,Drama
362188,Fantasy
362188,Romance
362380,Comedy
362380,Romance
362581,Drama
362586,Comedy
362597,Action
362848,Short
362869,Drama
362880,Drama
362880,Mystery
362880,Thriller
362917,Drama
362917,Romance
362984,Animation
362984,Short
363081,Animation
363081,Drama
363081,Short
363121,Adventure
363121,Romance
363492,Comedy
363492,Mystery
363529,Adventure
363529,Comedy
363529,Drama
363529,Mystery
363967,Family
363967,Fantasy
363972,Action
363972,Crime
363972,Thriller
363977,Comedy
364040,Short
364064,Romance
364094,Comedy
364094,Drama
364165,Comedy
364359,Short
364408,Short
364423,Comedy
364423,Short
364558,Drama
364558,Music
364709,Thriller
364794,Comedy
364794,Drama
364794,Family
364867,Comedy
364967,Short
365119,Comedy
365119,Drama
365451,Crime
365451,Thriller
365498,Action
365498,Comedy
365498,Sci-Fi
365498,Western
365636,Documentary
365636,Short
365650,Thriller
365651,Drama
365664,Drama
365898,Short
365998,Drama
365998,Western
366022,Drama
366134,Action
366134,Sci-Fi
366378,Drama
366421,Horror
366421,Mystery
366602,Romance
366602,Thriller
366754,Horror
366811,Comedy
366842,Drama
366842,Romance
366843,Drama
366843,Romance
366933,Drama
366967,Short
366983,Action
366983,Crime
366983,Drama
366983,Mystery
367130,Drama
367130,Romance
367242,Drama
367289,Animation
367289,Horror
367289,Short
367382,Documentary
367382,Short
367385,Fantasy
367385,Horror
367446,Comedy
367605,Short
367772,Short
367886,Comedy
367999,Comedy
367999,Family
367999,Fantasy
368040,Drama
368092,Comedy
368092,Romance
368110,Comedy
368110,Drama
368110,Romance
368157,Documentary
368157,Music
368215,Comedy
368215,Drama
368215,Short
368227,Drama
368235,Short
368309,Documentary
368418,Action
368418,Adventure
368418,Thriller
368703,Documentary
368722,Drama
368863,Drama
368997,Action
368997,Comedy
369420,Short
369427,Action
369427,Mystery
369427,Sci-Fi
369427,Thriller
369757,Drama
369771,Romance
369810,Action
369810,Drama
369810,Romance
369837,Comedy
369837,Romance
369877,Comedy
369877,Drama
369982,Family
369982,Musical
370117,Action
370117,Thriller
370404,Comedy
370404,Horror
370630,Drama
370801,Documentary
371143,Horror
371251,Drama
371271,Drama
371290,Drama
371346,Action
371346,Drama
371436,Romance
371467,Drama
371903,Documentary
371908,Comedy
371908,Drama
372102,Comedy
372102,Drama
372258,Drama
372315,Thriller
372372,Comedy
372372,Romance
372555,Comedy
372832,Animation
372844,Comedy
372844,Drama
372963,Short
373097,Drama
373129,Documentary
373133,Drama
373153,Comedy
373153,Horror
373304,Action
373304,Thriller
373577,Adventure
373577,Comedy
373577,Drama
373577,Mystery
373577,Romance
373591,Comedy
373591,Romance
373709,Action
373709,Drama
373957,Documentary
373994,Comedy
373994,Drama
374373,Documentary
374501,Documentary
374501,Short
374573,Comedy
374573,Mystery
374573,Thriller
374729,Comedy
374743,Comedy
374743,Drama
374743,Romance
374755,Drama
374905,Action
374905,Adventure
374905,Drama
375076,Drama
375076,Thriller
375162,Comedy
375162,Crime
375223,Comedy
375263,Drama
375282,Short
375367,Action
375441,Comedy
375443,Comedy
375678,Drama
375678,Short
375736,Drama
375736,Romance
375794,Drama
375798,Comedy
375798,Thriller
375869,Drama
375974,Short
376036,Comedy
376036,Crime
376036,Romance
376342,Adventure
376342,Family
376486,Short
376540,Comedy
376540,Drama
376772,Comedy
376772,Drama
376972,Comedy
376972,Drama
376976,Documentary
376999,Drama
377061,Drama
377143,Comedy
377143,Romance
377269,Comedy
377300,Adventure
377300,Comedy
377300,Sci-Fi
377464,Drama
377475,Comedy
377479,Comedy
377656,Drama
377656,Romance
378176,Drama
378176,Thriller
378610,Drama
378614,Comedy
